{"type": "FeatureCollection", "features": [{"type": "Feature", "properties": {"base": 0, "height": 2.7}, "geometry": {"type": "Polygon", "coordinates": [[[16.533420819909736, 48.122899494390495], [16.53281413747429, 48.12309490234531], [16.532638497402075, 48.12285191349743], [16.533245180505677, 48.1226565055426], [16.533420819909736, 48.122899494390495]]]}}, {"type": "Feature", "properties": {"base": 0, "height": 5.4}, "geometry": {"type": "Polygon", "coordinates": [[[16.53281413747429, 48.12309490234531], [16.532207450423044, 48.1232903071072], [16.53203180968267, 48.12304731825932], [16.532638497402075, 48.12285191349743], [16.53281413747429, 48.12309490234531]]]}}, {"type": "Feature", "properties": {"base": 0, "height": 8.1}, "geometry": {"type": "Polygon", "coordinates": [[[16.532207450423044, 48.1232903071072], [16.531600758756003, 48.12348570867613], [16.53142511734748, 48.123242719828234], [16.53203180968267, 48.12304731825932], [16.532207450423044, 48.1232903071072]]]}}, {"type": "Feature", "properties": {"base": 0, "height": 10.8}, "geometry": {"type": "Polygon", "coordinates": [[[16.531600758756003, 48.12348570867613], [16.530994062473184, 48.12368110705203], [16.530818420396518, 48.12343811820414], [16.53142511734748, 48.123242719828234], [16.531600758756003, 48.12348570867613]]]}}, {"type": "Feature", "properties": {"base": 0, "height": 13.5}, "geometry": {"type": "Polygon", "coordinates": [[[16.530994062473184, 48.12368110705203], [16.530387361574583, 48.12387650223488], [16.530211718829776, 48.123633513386984], [16.530818420396518, 48.12343811820414], [16.530994062473184, 48.12368110705203]]]}}, {"type": "Feature", "properties": {"base": 0, "height": 16.2}, "geometry": {"type": "Polygon", "coordinates": [[[16.530387361574583, 48.12387650223488], [16.52978065606022, 48.124071894224635], [16.529605012647274, 48.12382890537674], [16.530211718829776, 48.123633513386984], [16.530387361574583, 48.12387650223488]]]}}, {"type": "Feature", "properties": {"base": 0, "height": 19.0}, "geometry": {"type": "Polygon", "coordinates": [[[16.52978065606022, 48.124071894224635], [16.529173945930097, 48.12426728302122], [16.52899830184902, 48.124024294173324], [16.529605012647274, 48.12382890537674], [16.52978065606022, 48.124071894224635]]]}}, {"type": "Feature", "properties": {"base": 0, "height": 21.7}, "geometry": {"type": "Polygon", "coordinates": [[[16.529173945930097, 48.12426728302122], [16.528567231184226, 48.124462668624595], [16.528391586435017, 48.12421967977672], [16.52899830184902, 48.124024294173324], [16.529173945930097, 48.12426728302122]]]}}, {"type": "Feature", "properties": {"base": 0, "height": 24.4}, "geometry": {"type": "Polygon", "coordinates": [[[16.528567231184226, 48.124462668624595], [16.527960511822613, 48.12465805103476], [16.52778486640528, 48.12441506218687], [16.528391586435017, 48.12421967977672], [16.528567231184226, 48.124462668624595]]]}}, {"type": "Feature", "properties": {"base": 0, "height": 27.1}, "geometry": {"type": "Polygon", "coordinates": [[[16.527960511822613, 48.12465805103476], [16.527353787845268, 48.124853430251605], [16.527178141759812, 48.12461044140371], [16.52778486640528, 48.12441506218687], [16.527960511822613, 48.12465805103476]]]}}, {"type": "Feature", "properties": {"base": 0, "height": 29.8}, "geometry": {"type": "Polygon", "coordinates": [[[16.527353787845268, 48.124853430251605], [16.5267470592522, 48.12504880627513], [16.526571412498626, 48.12480581742724], [16.527178141759812, 48.12461044140371], [16.527353787845268, 48.124853430251605]]]}}, {"type": "Feature", "properties": {"base": 0, "height": 32.5}, "geometry": {"type": "Polygon", "coordinates": [[[16.5267470592522, 48.12504880627513], [16.52614032604342, 48.125244179105245], [16.52596467862173, 48.12500119025736], [16.526571412498626, 48.12480581742724], [16.5267470592522, 48.12504880627513]]]}}, {"type": "Feature", "properties": {"base": 0, "height": 35.2}, "geometry": {"type": "Polygon", "coordinates": [[[16.52614032604342, 48.125244179105245], [16.52553358821894, 48.12543954874195], [16.525357940129137, 48.12519655989407], [16.52596467862173, 48.12500119025736], [16.52614032604342, 48.125244179105245]]]}}, {"type": "Feature", "properties": {"base": 0, "height": 37.9}, "geometry": {"type": "Polygon", "coordinates": [[[16.52553358821894, 48.12543954874195], [16.524926845778758, 48.12563491518519], [16.524751197020848, 48.1253919263373], [16.525357940129137, 48.12519655989407], [16.52553358821894, 48.12543954874195]]]}}, {"type": "Feature", "properties": {"base": 0, "height": 40.6}, "geometry": {"type": "Polygon", "coordinates": [[[16.524926845778758, 48.12563491518519], [16.524320098722885, 48.125830278434876], [16.52414444929687, 48.12558728958699], [16.524751197020848, 48.1253919263373], [16.524926845778758, 48.12563491518519]]]}}, {"type": "Feature", "properties": {"base": 0, "height": 43.3}, "geometry": {"type": "Polygon", "coordinates": [[[16.524320098722885, 48.125830278434876], [16.523713347051334, 48.126025638491], [16.52353769695722, 48.125782649643114], [16.52414444929687, 48.12558728958699], [16.524320098722885, 48.125830278434876]]]}}, {"type": "Feature", "properties": {"base": 0, "height": 46.0}, "geometry": {"type": "Polygon", "coordinates": [[[16.523713347051334, 48.126025638491], [16.523106590764115, 48.12622099535354], [16.522930940001906, 48.125978006505655], [16.52353769695722, 48.125782649643114], [16.523713347051334, 48.126025638491]]]}}, {"type": "Feature", "properties": {"base": 0, "height": 48.7}, "geometry": {"type": "Polygon", "coordinates": [[[16.523106590764115, 48.12622099535354], [16.522499829861232, 48.12641634902239], [16.522324178430928, 48.1261733601745], [16.522930940001906, 48.125978006505655], [16.523106590764115, 48.12622099535354]]]}}, {"type": "Feature", "properties": {"base": 0, "height": 51.5}, "geometry": {"type": "Polygon", "coordinates": [[[16.522499829861232, 48.12641634902239], [16.5218930643427, 48.126611699497516], [16.521717412244307, 48.12636871064963], [16.522324178430928, 48.1261733601745], [16.522499829861232, 48.12641634902239]]]}}, {"type": "Feature", "properties": {"base": 0, "height": 54.2}, "geometry": {"type": "Polygon", "coordinates": [[[16.5218930643427, 48.126611699497516], [16.521286294208515, 48.12680704677889], [16.521110641442036, 48.12656405793101], [16.521717412244307, 48.12636871064963], [16.5218930643427, 48.126611699497516]]]}}, {"type": "Feature", "properties": {"base": 0, "height": 56.9}, "geometry": {"type": "Polygon", "coordinates": [[[16.521286294208515, 48.12680704677889], [16.520679519458696, 48.1270023908665], [16.52050386602414, 48.126759402018614], [16.521110641442036, 48.12656405793101], [16.521286294208515, 48.12680704677889]]]}}, {"type": "Feature", "properties": {"base": 0, "height": 59.6}, "geometry": {"type": "Polygon", "coordinates": [[[16.520679519458696, 48.1270023908665], [16.52007274009325, 48.12719773176023], [16.519897085990618, 48.126954742912346], [16.52050386602414, 48.126759402018614], [16.520679519458696, 48.1270023908665]]]}}, {"type": "Feature", "properties": {"base": 0, "height": 62.3}, "geometry": {"type": "Polygon", "coordinates": [[[16.52007274009325, 48.12719773176023], [16.51946595611218, 48.127393069460105], [16.519290301341478, 48.127150080612225], [16.519897085990618, 48.126954742912346], [16.52007274009325, 48.12719773176023]]]}}, {"type": "Feature", "properties": {"base": 0, "height": 65.0}, "geometry": {"type": "Polygon", "coordinates": [[[16.51946595611218, 48.127393069460105], [16.51885916751551, 48.12758840396601], [16.518683512076734, 48.127345415118135], [16.519290301341478, 48.127150080612225], [16.51946595611218, 48.127393069460105]]]}}, {"type": "Feature", "properties": {"base": 0, "height": 67.7}, "geometry": {"type": "Polygon", "coordinates": [[[16.51885916751551, 48.12758840396601], [16.518252374303234, 48.12778373527796], [16.518076718196394, 48.127540746430064], [16.518683512076734, 48.127345415118135], [16.51885916751551, 48.12758840396601]]]}}, {"type": "Feature", "properties": {"base": 0, "height": 70.4}, "geometry": {"type": "Polygon", "coordinates": [[[16.518252374303234, 48.12778373527796], [16.517645576475367, 48.12797906339583], [16.517469919700467, 48.127736074547954], [16.518076718196394, 48.127540746430064], [16.518252374303234, 48.12778373527796]]]}}, {"type": "Feature", "properties": {"base": 0, "height": 73.1}, "geometry": {"type": "Polygon", "coordinates": [[[16.517645576475367, 48.12797906339583], [16.517038774031917, 48.12817438831968], [16.516863116588954, 48.127931399471784], [16.517469919700467, 48.127736074547954], [16.517645576475367, 48.12797906339583]]]}}, {"type": "Feature", "properties": {"base": 0, "height": 75.8}, "geometry": {"type": "Polygon", "coordinates": [[[16.517038774031917, 48.12817438831968], [16.516431966972885, 48.12836971004937], [16.51625630886187, 48.128126721201475], [16.516863116588954, 48.127931399471784], [16.517038774031917, 48.12817438831968]]]}}, {"type": "Feature", "properties": {"base": 0, "height": 78.5}, "geometry": {"type": "Polygon", "coordinates": [[[16.516431966972885, 48.12836971004937], [16.515825155298295, 48.128565028584894], [16.515649496519227, 48.128322039737], [16.51625630886187, 48.128126721201475], [16.516431966972885, 48.12836971004937]]]}}, {"type": "Feature", "properties": {"base": 0, "height": 81.2}, "geometry": {"type": "Polygon", "coordinates": [[[16.515825155298295, 48.128565028584894], [16.515218339008143, 48.128760343926196], [16.515042679561027, 48.12851735507831], [16.515649496519227, 48.128322039737], [16.515825155298295, 48.128565028584894]]]}}, {"type": "Feature", "properties": {"base": 0, "height": 83.9}, "geometry": {"type": "Polygon", "coordinates": [[[16.515218339008143, 48.128760343926196], [16.514611518102445, 48.128955656073245], [16.514435857987287, 48.12871266722537], [16.515042679561027, 48.12851735507831], [16.515218339008143, 48.128760343926196]]]}}, {"type": "Feature", "properties": {"base": 0, "height": 86.7}, "geometry": {"type": "Polygon", "coordinates": [[[16.514611518102445, 48.128955656073245], [16.5140046925812, 48.129150965025985], [16.513829031798004, 48.12890797617809], [16.514435857987287, 48.12871266722537], [16.514611518102445, 48.128955656073245]]]}}, {"type": "Feature", "properties": {"base": 0, "height": 89.4}, "geometry": {"type": "Polygon", "coordinates": [[[16.5140046925812, 48.129150965025985], [16.513397862444428, 48.12934627078436], [16.513222200993198, 48.12910328193647], [16.513829031798004, 48.12890797617809], [16.5140046925812, 48.129150965025985]]]}}, {"type": "Feature", "properties": {"base": 0, "height": 92.1}, "geometry": {"type": "Polygon", "coordinates": [[[16.513397862444428, 48.12934627078436], [16.51279102769213, 48.129541573348355], [16.51261536557287, 48.12929858450046], [16.513222200993198, 48.12910328193647], [16.513397862444428, 48.12934627078436]]]}}, {"type": "Feature", "properties": {"base": 0, "height": 94.8}, "geometry": {"type": "Polygon", "coordinates": [[[16.51279102769213, 48.129541573348355], [16.512184188324323, 48.1297368727179], [16.512008525537034, 48.129493883870005], [16.51261536557287, 48.12929858450046], [16.51279102769213, 48.129541573348355]]]}}, {"type": "Feature", "properties": {"base": 0, "height": 97.5}, "geometry": {"type": "Polygon", "coordinates": [[[16.512184188324323, 48.1297368727179], [16.51157734434101, 48.12993216889293], [16.511401680885694, 48.12968918004504], [16.512008525537034, 48.129493883870005], [16.512184188324323, 48.1297368727179]]]}}, {"type": "Feature", "properties": {"base": 0, "height": 100.2}, "geometry": {"type": "Polygon", "coordinates": [[[16.51157734434101, 48.12993216889293], [16.510970495742196, 48.13012746187346], [16.51079483161886, 48.12988447302557], [16.511401680885694, 48.12968918004504], [16.51157734434101, 48.12993216889293]]]}}, {"type": "Feature", "properties": {"base": 0, "height": 102.9}, "geometry": {"type": "Polygon", "coordinates": [[[16.510970495742196, 48.13012746187346], [16.510363642527896, 48.13032275165934], [16.510187977736543, 48.13007976281147], [16.51079483161886, 48.12988447302557], [16.510970495742196, 48.13012746187346]]]}}, {"type": "Feature", "properties": {"base": 0, "height": 105.6}, "geometry": {"type": "Polygon", "coordinates": [[[16.510363642527896, 48.13032275165934], [16.509756784698116, 48.13051803825064], [16.509581119238753, 48.130275049402755], [16.510187977736543, 48.13007976281147], [16.510363642527896, 48.13032275165934]]]}}, {"type": "Feature", "properties": {"base": 0, "height": 108.3}, "geometry": {"type": "Polygon", "coordinates": [[[16.509756784698116, 48.13051803825064], [16.509149922252867, 48.13071332164725], [16.508974256125494, 48.13047033279936], [16.509581119238753, 48.130275049402755], [16.509756784698116, 48.13051803825064]]]}}, {"type": "Feature", "properties": {"base": 0, "height": 111.0}, "geometry": {"type": "Polygon", "coordinates": [[[16.509149922252867, 48.13071332164725], [16.508543055192156, 48.13090860184915], [16.508367388396778, 48.13066561300126], [16.508974256125494, 48.13047033279936], [16.509149922252867, 48.13071332164725]]]}}, {"type": "Feature", "properties": {"base": 0, "height": 113.7}, "geometry": {"type": "Polygon", "coordinates": [[[16.508543055192156, 48.13090860184915], [16.50793618351599, 48.13110387885625], [16.507760516052613, 48.130860890008364], [16.508367388396778, 48.13066561300126], [16.508543055192156, 48.13090860184915]]]}}, {"type": "Feature", "properties": {"base": 0, "height": 116.4}, "geometry": {"type": "Polygon", "coordinates": [[[16.50793618351599, 48.13110387885625], [16.50732930722438, 48.13129915266854], [16.507153639093005, 48.13105616382066], [16.507760516052613, 48.130860890008364], [16.50793618351599, 48.13110387885625]]]}}, {"type": "Feature", "properties": {"base": 0, "height": 119.1}, "geometry": {"type": "Polygon", "coordinates": [[[16.50732930722438, 48.13129915266854], [16.50672242631734, 48.131494423285986], [16.50654675751797, 48.1312514344381], [16.507153639093005, 48.13105616382066], [16.50732930722438, 48.13129915266854]]]}}, {"type": "Feature", "properties": {"base": 0, "height": 121.9}, "geometry": {"type": "Polygon", "coordinates": [[[16.50672242631734, 48.131494423285986], [16.506115540794863, 48.1316896907085], [16.505939871327502, 48.131446701860625], [16.50654675751797, 48.1312514344381], [16.50672242631734, 48.131494423285986]]]}}, {"type": "Feature", "properties": {"base": 0, "height": 124.6}, "geometry": {"type": "Polygon", "coordinates": [[[16.506115540794863, 48.1316896907085], [16.505508650656978, 48.13188495493607], [16.505332980521633, 48.13164196608818], [16.505939871327502, 48.131446701860625], [16.506115540794863, 48.1316896907085]]]}}, {"type": "Feature", "properties": {"base": 0, "height": 127.3}, "geometry": {"type": "Polygon", "coordinates": [[[16.505508650656978, 48.13188495493607], [16.504901755903678, 48.13208021596864], [16.50472608510035, 48.13183722712077], [16.505332980521633, 48.13164196608818], [16.505508650656978, 48.13188495493607]]]}}, {"type": "Feature", "properties": {"base": 0, "height": 130.0}, "geometry": {"type": "Polygon", "coordinates": [[[16.504901755903678, 48.13208021596864], [16.504294856534976, 48.13227547380618], [16.504119185063672, 48.13203248495831], [16.50472608510035, 48.13183722712077], [16.504901755903678, 48.13208021596864]]]}}, {"type": "Feature", "properties": {"base": 0, "height": 132.7}, "geometry": {"type": "Polygon", "coordinates": [[[16.504294856534976, 48.13227547380618], [16.503687952550894, 48.1324707284486], [16.503512280411613, 48.13222773960071], [16.504119185063672, 48.13203248495831], [16.504294856534976, 48.13227547380618]]]}}, {"type": "Feature", "properties": {"base": 0, "height": 135.4}, "geometry": {"type": "Polygon", "coordinates": [[[16.503687952550894, 48.1324707284486], [16.50308104395142, 48.132665979895876], [16.50290537114417, 48.132422991048], [16.503512280411613, 48.13222773960071], [16.503687952550894, 48.1324707284486]]]}}, {"type": "Feature", "properties": {"base": 0, "height": 138.1}, "geometry": {"type": "Polygon", "coordinates": [[[16.50308104395142, 48.132665979895876], [16.502474130736573, 48.13286122814799], [16.502298457261357, 48.1326182393001], [16.50290537114417, 48.132422991048], [16.50308104395142, 48.132665979895876]]]}}, {"type": "Feature", "properties": {"base": 0, "height": 140.8}, "geometry": {"type": "Polygon", "coordinates": [[[16.502474130736573, 48.13286122814799], [16.50186721290636, 48.13305647320486], [16.501691538763183, 48.13281348435698], [16.502298457261357, 48.1326182393001], [16.502474130736573, 48.13286122814799]]]}}, {"type": "Feature", "properties": {"base": 0, "height": 143.5}, "geometry": {"type": "Polygon", "coordinates": [[[16.50186721290636, 48.13305647320486], [16.50126029046079, 48.13325171506644], [16.501084615649656, 48.13300872621857], [16.501691538763183, 48.13281348435698], [16.50186721290636, 48.13305647320486]]]}}, {"type": "Feature", "properties": {"base": 0, "height": 146.2}, "geometry": {"type": "Polygon", "coordinates": [[[16.50126029046079, 48.13325171506644], [16.500653363399877, 48.13344695373271], [16.500477687920785, 48.133203964884814], [16.501084615649656, 48.13300872621857], [16.50126029046079, 48.13325171506644]]]}}, {"type": "Feature", "properties": {"base": 0, "height": 148.9}, "geometry": {"type": "Polygon", "coordinates": [[[16.500653363399877, 48.13344695373271], [16.50004643172362, 48.1336421892036], [16.499870755576577, 48.13339920035572], [16.500477687920785, 48.133203964884814], [16.500653363399877, 48.13344695373271]]]}}, {"type": "Feature", "properties": {"base": 0, "height": 151.6}, "geometry": {"type": "Polygon", "coordinates": [[[16.50004643172362, 48.1336421892036], [16.49943949543204, 48.13383742147908], [16.49926381861705, 48.133594432631185], [16.499870755576577, 48.13339920035572], [16.50004643172362, 48.1336421892036]]]}}, {"type": "Feature", "properties": {"base": 0, "height": 154.4}, "geometry": {"type": "Polygon", "coordinates": [[[16.49943949543204, 48.13383742147908], [16.498832554525134, 48.134032650559064], [16.498656877042198, 48.13378966171119], [16.49926381861705, 48.133594432631185], [16.49943949543204, 48.13383742147908]]]}}, {"type": "Feature", "properties": {"base": 0, "height": 157.1}, "geometry": {"type": "Polygon", "coordinates": [[[16.498832554525134, 48.134032650559064], [16.498225609002912, 48.134227876443596], [16.498049930852037, 48.1339848875957], [16.498656877042198, 48.13378966171119], [16.498832554525134, 48.134032650559064]]]}}, {"type": "Feature", "properties": {"base": 0, "height": 159.8}, "geometry": {"type": "Polygon", "coordinates": [[[16.498225609002912, 48.134227876443596], [16.49761865886539, 48.134423099132526], [16.497442980046582, 48.13418011028464], [16.498049930852037, 48.1339848875957], [16.498225609002912, 48.134227876443596]]]}}, {"type": "Feature", "properties": {"base": 0, "height": 162.5}, "geometry": {"type": "Polygon", "coordinates": [[[16.49761865886539, 48.134423099132526], [16.497011704112573, 48.13461831862588], [16.49683602462583, 48.13437532977799], [16.497442980046582, 48.13418011028464], [16.49761865886539, 48.134423099132526]]]}}, {"type": "Feature", "properties": {"base": 0, "height": 165.2}, "geometry": {"type": "Polygon", "coordinates": [[[16.497011704112573, 48.13461831862588], [16.49640474474447, 48.134813534923566], [16.496229064589798, 48.134570546075686], [16.49683602462583, 48.13437532977799], [16.497011704112573, 48.13461831862588]]]}}, {"type": "Feature", "properties": {"base": 0, "height": 167.9}, "geometry": {"type": "Polygon", "coordinates": [[[16.49640474474447, 48.134813534923566], [16.49579778076109, 48.13500874802558], [16.49562209993849, 48.134765759177704], [16.496229064589798, 48.134570546075686], [16.49640474474447, 48.134813534923566]]]}}, {"type": "Feature", "properties": {"base": 0, "height": 170.6}, "geometry": {"type": "Polygon", "coordinates": [[[16.49579778076109, 48.13500874802558], [16.49519081216244, 48.13520395793183], [16.495015130671923, 48.13496096908395], [16.49562209993849, 48.134765759177704], [16.49579778076109, 48.13500874802558]]]}}, {"type": "Feature", "properties": {"base": 0, "height": 173.3}, "geometry": {"type": "Polygon", "coordinates": [[[16.49519081216244, 48.13520395793183], [16.494583838948536, 48.1353991646423], [16.4944081567901, 48.135156175794414], [16.495015130671923, 48.13496096908395], [16.49519081216244, 48.13520395793183]]]}}, {"type": "Feature", "properties": {"base": 0, "height": 176.0}, "geometry": {"type": "Polygon", "coordinates": [[[16.494583838948536, 48.1353991646423], [16.493976861119375, 48.135594368156944], [16.493801178293026, 48.13535137930905], [16.4944081567901, 48.135156175794414], [16.494583838948536, 48.1353991646423]]]}}, {"type": "Feature", "properties": {"base": 0, "height": 178.7}, "geometry": {"type": "Polygon", "coordinates": [[[16.493976861119375, 48.135594368156944], [16.493369878674972, 48.1357895684757], [16.493194195180717, 48.13554657962781], [16.493801178293026, 48.13535137930905], [16.493976861119375, 48.135594368156944]]]}}, {"type": "Feature", "properties": {"base": 0, "height": 181.4}, "geometry": {"type": "Polygon", "coordinates": [[[16.493369878674972, 48.1357895684757], [16.492762891615342, 48.135984765598536], [16.492587207453177, 48.13574177675064], [16.493194195180717, 48.13554657962781], [16.493369878674972, 48.1357895684757]]]}}, {"type": "Feature", "properties": {"base": 0, "height": 184.1}, "geometry": {"type": "Polygon", "coordinates": [[[16.492762891615342, 48.135984765598536], [16.49215589994048, 48.13617995952541], [16.491980215110413, 48.13593697067752], [16.492587207453177, 48.13574177675064], [16.492762891615342, 48.135984765598536]]]}}, {"type": "Feature", "properties": {"base": 0, "height": 186.8}, "geometry": {"type": "Polygon", "coordinates": [[[16.49215589994048, 48.13617995952541], [16.491548903650408, 48.13637515025625], [16.491373218152443, 48.13613216140836], [16.491980215110413, 48.13593697067752], [16.49215589994048, 48.13617995952541]]]}}, {"type": "Feature", "properties": {"base": 0, "height": 189.6}, "geometry": {"type": "Polygon", "coordinates": [[[16.491548903650408, 48.13637515025625], [16.490941902745128, 48.136570337791035], [16.49076621657927, 48.136327348943134], [16.491373218152443, 48.13613216140836], [16.491548903650408, 48.13637515025625]]]}}, {"type": "Feature", "properties": {"base": 0, "height": 192.3}, "geometry": {"type": "Polygon", "coordinates": [[[16.490941902745128, 48.136570337791035], [16.49033489722465, 48.136765522129686], [16.4901592103909, 48.1365225332818], [16.49076621657927, 48.136327348943134], [16.490941902745128, 48.136570337791035]]]}}, {"type": "Feature", "properties": {"base": 0, "height": 195.0}, "geometry": {"type": "Polygon", "coordinates": [[[16.49033489722465, 48.136765522129686], [16.489727887088986, 48.13696070327222], [16.489552199587344, 48.136717714424336], [16.4901592103909, 48.1365225332818], [16.49033489722465, 48.136765522129686]]]}}, {"type": "Feature", "properties": {"base": 0, "height": 197.7}, "geometry": {"type": "Polygon", "coordinates": [[[16.489727887088986, 48.13696070327222], [16.489120872338134, 48.13715588121851], [16.488945184168617, 48.13691289237063], [16.489552199587344, 48.136717714424336], [16.489727887088986, 48.13696070327222]]]}}, {"type": "Feature", "properties": {"base": 0, "height": 200.4}, "geometry": {"type": "Polygon", "coordinates": [[[16.489120872338134, 48.13715588121851], [16.48851385297212, 48.13735105596858], [16.48833816413472, 48.137108067120685], [16.488945184168617, 48.13691289237063], [16.489120872338134, 48.13715588121851]]]}}, {"type": "Feature", "properties": {"base": 0, "height": 203.1}, "geometry": {"type": "Polygon", "coordinates": [[[16.48851385297212, 48.13735105596858], [16.487906828990937, 48.13754622752234], [16.487731139485664, 48.137303238674455], [16.48833816413472, 48.137108067120685], [16.48851385297212, 48.13735105596858]]]}}, {"type": "Feature", "properties": {"base": 0, "height": 205.8}, "geometry": {"type": "Polygon", "coordinates": [[[16.487906828990937, 48.13754622752234], [16.487299800394606, 48.13774139587975], [16.487124110221462, 48.13749840703188], [16.487731139485664, 48.137303238674455], [16.487906828990937, 48.13754622752234]]]}}, {"type": "Feature", "properties": {"base": 0, "height": 208.5}, "geometry": {"type": "Polygon", "coordinates": [[[16.487299800394606, 48.13774139587975], [16.48669276718313, 48.1379365610408], [16.486517076342114, 48.13769357219291], [16.487124110221462, 48.13749840703188], [16.487299800394606, 48.13774139587975]]]}}, {"type": "Feature", "properties": {"base": 0, "height": 211.2}, "geometry": {"type": "Polygon", "coordinates": [[[16.48669276718313, 48.1379365610408], [16.486085729356514, 48.138131723005394], [16.48591003784764, 48.13788873415752], [16.486517076342114, 48.13769357219291], [16.48669276718313, 48.1379365610408]]]}}, {"type": "Feature", "properties": {"base": 0, "height": 213.9}, "geometry": {"type": "Polygon", "coordinates": [[[16.486085729356514, 48.138131723005394], [16.48547868691477, 48.13832688177354], [16.48530299473804, 48.13808389292565], [16.48591003784764, 48.13788873415752], [16.486085729356514, 48.138131723005394]]]}}, {"type": "Feature", "properties": {"base": 0, "height": 216.6}, "geometry": {"type": "Polygon", "coordinates": [[[16.48547868691477, 48.13832688177354], [16.484871639857918, 48.13852203734514], [16.484695947013325, 48.13827904849725], [16.48530299473804, 48.13808389292565], [16.48547868691477, 48.13832688177354]]]}}, {"type": "Feature", "properties": {"base": 0, "height": 219.3}, "geometry": {"type": "Polygon", "coordinates": [[[16.484871639857918, 48.13852203734514], [16.48426458818595, 48.13871718972014], [16.48408889467351, 48.13847420087227], [16.484695947013325, 48.13827904849725], [16.484871639857918, 48.13852203734514]]]}}, {"type": "Feature", "properties": {"base": 0, "height": 222.0}, "geometry": {"type": "Polygon", "coordinates": [[[16.48426458818595, 48.13871718972014], [16.48365753189888, 48.13891233889856], [16.48348183771859, 48.13866935005068], [16.48408889467351, 48.13847420087227], [16.48426458818595, 48.13871718972014]]]}}, {"type": "Feature", "properties": {"base": 0, "height": 224.8}, "geometry": {"type": "Polygon", "coordinates": [[[16.48365753189888, 48.13891233889856], [16.48305047099672, 48.139107484880306], [16.48287477614858, 48.13886449603241], [16.48348183771859, 48.13866935005068], [16.48365753189888, 48.13891233889856]]]}}, {"type": "Feature", "properties": {"base": 0, "height": 227.5}, "geometry": {"type": "Polygon", "coordinates": [[[16.48305047099672, 48.139107484880306], [16.48244340547948, 48.13930262766534], [16.4822677099635, 48.13905963881745], [16.48287477614858, 48.13886449603241], [16.48305047099672, 48.139107484880306]]]}}, {"type": "Feature", "properties": {"base": 0, "height": 230.2}, "geometry": {"type": "Polygon", "coordinates": [[[16.48244340547948, 48.13930262766534], [16.481836335347165, 48.1394977672536], [16.48166063916335, 48.13925477840572], [16.4822677099635, 48.13905963881745], [16.48244340547948, 48.13930262766534]]]}}, {"type": "Feature", "properties": {"base": 0, "height": 232.9}, "geometry": {"type": "Polygon", "coordinates": [[[16.481836335347165, 48.1394977672536], [16.481229260599783, 48.13969290364506], [16.481053563748137, 48.13944991479717], [16.48166063916335, 48.13925477840572], [16.481836335347165, 48.1394977672536]]]}}, {"type": "Feature", "properties": {"base": 0, "height": 235.6}, "geometry": {"type": "Polygon", "coordinates": [[[16.481229260599783, 48.13969290364506], [16.48062218123735, 48.13988803683968], [16.480446483717873, 48.139645047991785], [16.481053563748137, 48.13944991479717], [16.481229260599783, 48.13969290364506]]]}}, {"type": "Feature", "properties": {"base": 0, "height": 238.3}, "geometry": {"type": "Polygon", "coordinates": [[[16.48062218123735, 48.13988803683968], [16.480015097259873, 48.1400831668374], [16.47983939907257, 48.139840177989505], [16.480446483717873, 48.139645047991785], [16.48062218123735, 48.13988803683968]]]}}, {"type": "Feature", "properties": {"base": 0, "height": 241.0}, "geometry": {"type": "Polygon", "coordinates": [[[16.480015097259873, 48.1400831668374], [16.47940800866735, 48.14027829363818], [16.479232309812225, 48.1400353047903], [16.47983939907257, 48.139840177989505], [16.480015097259873, 48.1400831668374]]]}}, {"type": "Feature", "properties": {"base": 0, "height": 243.7}, "geometry": {"type": "Polygon", "coordinates": [[[16.47940800866735, 48.14027829363818], [16.4788009154598, 48.14047341724198], [16.47862521593686, 48.140230428394105], [16.479232309812225, 48.1400353047903], [16.47940800866735, 48.14027829363818]]]}}, {"type": "Feature", "properties": {"base": 0, "height": 246.4}, "geometry": {"type": "Polygon", "coordinates": [[[16.4788009154598, 48.14047341724198], [16.47819381763723, 48.140668537648736], [16.478018117446474, 48.14042554880084], [16.47862521593686, 48.140230428394105], [16.4788009154598, 48.14047341724198]]]}}, {"type": "Feature", "properties": {"base": 0, "height": 249.1}, "geometry": {"type": "Polygon", "coordinates": [[[16.47819381763723, 48.140668537648736], [16.477586715199642, 48.1408636548584], [16.47741101434108, 48.14062066601053], [16.478018117446474, 48.14042554880084], [16.47819381763723, 48.140668537648736]]]}}, {"type": "Feature", "properties": {"base": 0, "height": 251.8}, "geometry": {"type": "Polygon", "coordinates": [[[16.477586715199642, 48.1408636548584], [16.476979608147065, 48.14105876887095], [16.47680390662069, 48.140815780023075], [16.47741101434108, 48.14062066601053], [16.477586715199642, 48.1408636548584]]]}}, {"type": "Feature", "properties": {"base": 0, "height": 254.5}, "geometry": {"type": "Polygon", "coordinates": [[[16.476979608147065, 48.14105876887095], [16.47637249647949, 48.14125387968633], [16.47619679428532, 48.14101089083845], [16.47680390662069, 48.140815780023075], [16.476979608147065, 48.14105876887095]]]}}, {"type": "Feature", "properties": {"base": 0, "height": 257.3}, "geometry": {"type": "Polygon", "coordinates": [[[16.47637249647949, 48.14125387968633], [16.47576538019693, 48.14144898730448], [16.475589677334955, 48.1412059984566], [16.47619679428532, 48.14101089083845], [16.47637249647949, 48.14125387968633]]]}}, {"type": "Feature", "properties": {"base": 0, "height": 260.0}, "geometry": {"type": "Polygon", "coordinates": [[[16.47576538019693, 48.14144898730448], [16.475158259299395, 48.14164409172537], [16.47498255576963, 48.141401102877495], [16.475589677334955, 48.1412059984566], [16.47576538019693, 48.14144898730448]]]}}, {"type": "Feature", "properties": {"base": 0, "height": 262.7}, "geometry": {"type": "Polygon", "coordinates": [[[16.475158259299395, 48.14164409172537], [16.47455113378689, 48.141839192948964], [16.47437542958933, 48.14159620410108], [16.47498255576963, 48.141401102877495], [16.475158259299395, 48.14164409172537]]]}}, {"type": "Feature", "properties": {"base": 0, "height": 265.4}, "geometry": {"type": "Polygon", "coordinates": [[[16.47455113378689, 48.141839192948964], [16.473944003659433, 48.14203429097517], [16.473768298794084, 48.141791302127295], [16.47437542958933, 48.14159620410108], [16.47455113378689, 48.141839192948964]]]}}, {"type": "Feature", "properties": {"base": 0, "height": 268.1}, "geometry": {"type": "Polygon", "coordinates": [[[16.473944003659433, 48.14203429097517], [16.47333686891702, 48.142229385804], [16.473161163383892, 48.14198639695611], [16.473768298794084, 48.141791302127295], [16.473944003659433, 48.14203429097517]]]}}, {"type": "Feature", "properties": {"base": 0, "height": 270.8}, "geometry": {"type": "Polygon", "coordinates": [[[16.47333686891702, 48.142229385804], [16.472729729559674, 48.14242447743535], [16.472554023358764, 48.14218148858745], [16.473161163383892, 48.14198639695611], [16.47333686891702, 48.142229385804]]]}}, {"type": "Feature", "properties": {"base": 0, "height": 273.5}, "geometry": {"type": "Polygon", "coordinates": [[[16.472729729559674, 48.14242447743535], [16.472122585587393, 48.14261956586922], [16.471946878718708, 48.142376577021345], [16.472554023358764, 48.14218148858745], [16.472729729559674, 48.14242447743535]]]}}, {"type": "Feature", "properties": {"base": 0, "height": 276.2}, "geometry": {"type": "Polygon", "coordinates": [[[16.472122585587393, 48.14261956586922], [16.47151543700019, 48.14281465110555], [16.471339729463732, 48.14257166225766], [16.471946878718708, 48.142376577021345], [16.472122585587393, 48.14261956586922]]]}}, {"type": "Feature", "properties": {"base": 0, "height": 278.9}, "geometry": {"type": "Polygon", "coordinates": [[[16.47151543700019, 48.14281465110555], [16.470908283798074, 48.143009733144275], [16.47073257559385, 48.14276674429639], [16.471339729463732, 48.14257166225766], [16.47151543700019, 48.14281465110555]]]}}, {"type": "Feature", "properties": {"base": 0, "height": 281.6}, "geometry": {"type": "Polygon", "coordinates": [[[16.470908283798074, 48.143009733144275], [16.47030112598106, 48.143204811985385], [16.47012541710907, 48.14296182313749], [16.47073257559385, 48.14276674429639], [16.470908283798074, 48.143009733144275]]]}}, {"type": "Feature", "properties": {"base": 0, "height": 284.3}, "geometry": {"type": "Polygon", "coordinates": [[[16.47030112598106, 48.143204811985385], [16.46969396354914, 48.14339988762879], [16.46951825400939, 48.143156898780916], [16.47012541710907, 48.14296182313749], [16.47030112598106, 48.143204811985385]]]}}, {"type": "Feature", "properties": {"base": 0, "height": 287.0}, "geometry": {"type": "Polygon", "coordinates": [[[16.46969396354914, 48.14339988762879], [16.469086796502346, 48.1435949600745], [16.46891108629484, 48.14335197122662], [16.46951825400939, 48.143156898780916], [16.46969396354914, 48.14339988762879]]]}}, {"type": "Feature", "properties": {"base": 0, "height": 289.7}, "geometry": {"type": "Polygon", "coordinates": [[[16.469086796502346, 48.1435949600745], [16.46847962484067, 48.143790029322425], [16.468303913965407, 48.14354704047453], [16.46891108629484, 48.14335197122662], [16.469086796502346, 48.1435949600745]]]}}, {"type": "Feature", "properties": {"base": 0, "height": 292.5}, "geometry": {"type": "Polygon", "coordinates": [[[16.46847962484067, 48.143790029322425], [16.467872448564123, 48.14398509537252], [16.467696737021118, 48.14374210652463], [16.468303913965407, 48.14354704047453], [16.46847962484067, 48.143790029322425]]]}}, {"type": "Feature", "properties": {"base": 0, "height": 295.2}, "geometry": {"type": "Polygon", "coordinates": [[[16.467872448564123, 48.14398509537252], [16.46726526767272, 48.144180158224735], [16.467089555461968, 48.14393716937685], [16.467696737021118, 48.14374210652463], [16.467872448564123, 48.14398509537252]]]}}, {"type": "Feature", "properties": {"base": 0, "height": 297.9}, "geometry": {"type": "Polygon", "coordinates": [[[16.46726526767272, 48.144180158224735], [16.466658082166465, 48.144375217879045], [16.46648236928797, 48.144132229031165], [16.467089555461968, 48.14393716937685], [16.46726526767272, 48.144180158224735]]]}}, {"type": "Feature", "properties": {"base": 0, "height": 300.6}, "geometry": {"type": "Polygon", "coordinates": [[[16.466658082166465, 48.144375217879045], [16.466050892045374, 48.14457027433541], [16.46587517849914, 48.14432728548752], [16.46648236928797, 48.144132229031165], [16.466658082166465, 48.144375217879045]]]}}, {"type": "Feature", "properties": {"base": 0, "height": 303.3}, "geometry": {"type": "Polygon", "coordinates": [[[16.466050892045374, 48.14457027433541], [16.46544369730944, 48.14476532759375], [16.465267983095476, 48.14452233874587], [16.46587517849914, 48.14432728548752], [16.466050892045374, 48.14457027433541]]]}}, {"type": "Feature", "properties": {"base": 0, "height": 306.0}, "geometry": {"type": "Polygon", "coordinates": [[[16.46544369730944, 48.14476532759375], [16.46483649795869, 48.144960377654066], [16.464660783076997, 48.144717388806185], [16.465267983095476, 48.14452233874587], [16.46544369730944, 48.14476532759375]]]}}, {"type": "Feature", "properties": {"base": 0, "height": 308.7}, "geometry": {"type": "Polygon", "coordinates": [[[16.46483649795869, 48.144960377654066], [16.464229293993125, 48.14515542451627], [16.464053578443703, 48.14491243566839], [16.464660783076997, 48.144717388806185], [16.46483649795869, 48.144960377654066]]]}}, {"type": "Feature", "properties": {"base": 0, "height": 311.4}, "geometry": {"type": "Polygon", "coordinates": [[[16.464229293993125, 48.14515542451627], [16.463622085412755, 48.14535046818034], [16.463446369195616, 48.14510747933245], [16.464053578443703, 48.14491243566839], [16.464229293993125, 48.14515542451627]]]}}, {"type": "Feature", "properties": {"base": 0, "height": 314.1}, "geometry": {"type": "Polygon", "coordinates": [[[16.463622085412755, 48.14535046818034], [16.463014872217585, 48.145545508646194], [16.462839155332727, 48.145302519798314], [16.463446369195616, 48.14510747933245], [16.463622085412755, 48.14535046818034]]]}}, {"type": "Feature", "properties": {"base": 0, "height": 316.8}, "geometry": {"type": "Polygon", "coordinates": [[[16.463014872217585, 48.145545508646194], [16.462407654407627, 48.14574054591384], [16.462231936855055, 48.14549755706595], [16.462839155332727, 48.145302519798314], [16.463014872217585, 48.145545508646194]]]}}, {"type": "Feature", "properties": {"base": 0, "height": 319.5}, "geometry": {"type": "Polygon", "coordinates": [[[16.462407654407627, 48.14574054591384], [16.461800431982898, 48.1459355799832], [16.461624713762614, 48.14569259113531], [16.462231936855055, 48.14549755706595], [16.462407654407627, 48.14574054591384]]]}}, {"type": "Feature", "properties": {"base": 0, "height": 322.2}, "geometry": {"type": "Polygon", "coordinates": [[[16.461800431982898, 48.1459355799832], [16.461193204943395, 48.146130610854215], [16.461017486055407, 48.14588762200632], [16.461624713762614, 48.14569259113531], [16.461800431982898, 48.1459355799832]]]}}, {"type": "Feature", "properties": {"base": 0, "height": 324.9}, "geometry": {"type": "Polygon", "coordinates": [[[16.461193204943395, 48.146130610854215], [16.460585973289135, 48.14632563852687], [16.46041025373344, 48.14608264967898], [16.461017486055407, 48.14588762200632], [16.461193204943395, 48.146130610854215]]]}}, {"type": "Feature", "properties": {"base": 0, "height": 327.7}, "geometry": {"type": "Polygon", "coordinates": [[[16.460585973289135, 48.14632563852687], [16.45997873702012, 48.1465206630011], [16.459803016796727, 48.146277674153204], [16.46041025373344, 48.14608264967898], [16.460585973289135, 48.14632563852687]]]}}, {"type": "Feature", "properties": {"base": 0, "height": 330.4}, "geometry": {"type": "Polygon", "coordinates": [[[16.45997873702012, 48.1465206630011], [16.459371496136363, 48.146715684276856], [16.459195775245277, 48.14647269542896], [16.459803016796727, 48.146277674153204], [16.45997873702012, 48.1465206630011]]]}}, {"type": "Feature", "properties": {"base": 0, "height": 333.1}, "geometry": {"type": "Polygon", "coordinates": [[[16.459371496136363, 48.146715684276856], [16.458764250637874, 48.1469107023541], [16.458588529079094, 48.14666771350621], [16.459195775245277, 48.14647269542896], [16.459371496136363, 48.146715684276856]]]}}, {"type": "Feature", "properties": {"base": 0, "height": 335.8}, "geometry": {"type": "Polygon", "coordinates": [[[16.458764250637874, 48.1469107023541], [16.458157000524658, 48.14710571723278], [16.45798127829819, 48.14686272838491], [16.458588529079094, 48.14666771350621], [16.458764250637874, 48.1469107023541]]]}}, {"type": "Feature", "properties": {"base": 0, "height": 338.5}, "geometry": {"type": "Polygon", "coordinates": [[[16.458157000524658, 48.14710571723278], [16.45754974579673, 48.147300728912874], [16.457374022902577, 48.147057740064994], [16.45798127829819, 48.14686272838491], [16.458157000524658, 48.14710571723278]]]}}, {"type": "Feature", "properties": {"base": 0, "height": 341.2}, "geometry": {"type": "Polygon", "coordinates": [[[16.45754974579673, 48.147300728912874], [16.456942486454093, 48.1474957373943], [16.456766762892265, 48.14725274854641], [16.457374022902577, 48.147057740064994], [16.45754974579673, 48.147300728912874]]]}}, {"type": "Feature", "properties": {"base": 0, "height": 343.9}, "geometry": {"type": "Polygon", "coordinates": [[[16.456942486454093, 48.1474957373943], [16.45633522249676, 48.147690742677035], [16.456159498267255, 48.14744775382914], [16.456766762892265, 48.14725274854641], [16.456942486454093, 48.1474957373943]]]}}, {"type": "Feature", "properties": {"base": 0, "height": 346.6}, "geometry": {"type": "Polygon", "coordinates": [[[16.45633522249676, 48.147690742677035], [16.455727953924733, 48.147885744761005], [16.455552229027557, 48.147642755913125], [16.456159498267255, 48.14744775382914], [16.45633522249676, 48.147690742677035]]]}}, {"type": "Feature", "properties": {"base": 0, "height": 349.3}, "geometry": {"type": "Polygon", "coordinates": [[[16.455727953924733, 48.147885744761005], [16.455120680738037, 48.14808074364621], [16.454944955173193, 48.14783775479831], [16.455552229027557, 48.147642755913125], [16.455727953924733, 48.147885744761005]]]}}, {"type": "Feature", "properties": {"base": 0, "height": 352.0}, "geometry": {"type": "Polygon", "coordinates": [[[16.455120680738037, 48.14808074364621], [16.45451340293667, 48.148275739332576], [16.454337676704156, 48.14803275048468], [16.454944955173193, 48.14783775479831], [16.455120680738037, 48.14808074364621]]]}}, {"type": "Feature", "properties": {"base": 0, "height": 354.7}, "geometry": {"type": "Polygon", "coordinates": [[[16.45451340293667, 48.148275739332576], [16.45390612052063, 48.14847073182004], [16.45373039362046, 48.14822774297216], [16.454337676704156, 48.14803275048468], [16.45451340293667, 48.148275739332576]]]}}, {"type": "Feature", "properties": {"base": 0, "height": 357.4}, "geometry": {"type": "Polygon", "coordinates": [[[16.45390612052063, 48.14847073182004], [16.45329883348995, 48.148665721108586], [16.453123105922124, 48.1484227322607], [16.45373039362046, 48.14822774297216], [16.45390612052063, 48.14847073182004]]]}}, {"type": "Feature", "properties": {"base": 0, "height": 360.2}, "geometry": {"type": "Polygon", "coordinates": [[[16.45329883348995, 48.148665721108586], [16.45269154184462, 48.14886070719815], [16.452515813609136, 48.14861771835027], [16.453123105922124, 48.1484227322607], [16.45329883348995, 48.148665721108586]]]}}, {"type": "Feature", "properties": {"base": 0, "height": 362.9}, "geometry": {"type": "Polygon", "coordinates": [[[16.45269154184462, 48.14886070719815], [16.45208424558466, 48.149055690088716], [16.45190851668153, 48.14881270124083], [16.452515813609136, 48.14861771835027], [16.45269154184462, 48.14886070719815]]]}}, {"type": "Feature", "properties": {"base": 0, "height": 365.6}, "geometry": {"type": "Polygon", "coordinates": [[[16.45208424558466, 48.149055690088716], [16.451476944710073, 48.149250669780194], [16.4513012151393, 48.14900768093231], [16.45190851668153, 48.14881270124083], [16.45208424558466, 48.149055690088716]]]}}, {"type": "Feature", "properties": {"base": 0, "height": 368.3}, "geometry": {"type": "Polygon", "coordinates": [[[16.451476944710073, 48.149250669780194], [16.450869639220873, 48.14944564627257], [16.450693908982455, 48.149202657424674], [16.4513012151393, 48.14900768093231], [16.451476944710073, 48.149250669780194]]]}}, {"type": "Feature", "properties": {"base": 0, "height": 371.0}, "geometry": {"type": "Polygon", "coordinates": [[[16.450869639220873, 48.14944564627257], [16.450262329117063, 48.149640619565766], [16.450086598211012, 48.149397630717885], [16.450693908982455, 48.149202657424674], [16.450869639220873, 48.14944564627257]]]}}, {"type": "Feature", "properties": {"base": 0, "height": 373.7}, "geometry": {"type": "Polygon", "coordinates": [[[16.450262329117063, 48.149640619565766], [16.449655014398655, 48.149835589659766], [16.449479282824967, 48.14959260081188], [16.450086598211012, 48.149397630717885], [16.450262329117063, 48.149640619565766]]]}}, {"type": "Feature", "properties": {"base": 0, "height": 376.4}, "geometry": {"type": "Polygon", "coordinates": [[[16.449655014398655, 48.149835589659766], [16.44904769506566, 48.15003055655451], [16.44887196282434, 48.14978756770663], [16.449479282824967, 48.14959260081188], [16.449655014398655, 48.149835589659766]]]}}, {"type": "Feature", "properties": {"base": 0, "height": 379.1}, "geometry": {"type": "Polygon", "coordinates": [[[16.44904769506566, 48.15003055655451], [16.44844037111808, 48.150225520249975], [16.448264638209142, 48.14998253140208], [16.44887196282434, 48.14978756770663], [16.44904769506566, 48.15003055655451]]]}}, {"type": "Feature", "properties": {"base": 0, "height": 381.8}, "geometry": {"type": "Polygon", "coordinates": [[[16.44844037111808, 48.150225520249975], [16.44783304255594, 48.15042048074608], [16.44765730897937, 48.15017749189819], [16.448264638209142, 48.14998253140208], [16.44844037111808, 48.150225520249975]]]}}, {"type": "Feature", "properties": {"base": 0, "height": 384.5}, "geometry": {"type": "Polygon", "coordinates": [[[16.44783304255594, 48.15042048074608], [16.447225709379232, 48.15061543804279], [16.447049975135048, 48.150372449194904], [16.44765730897937, 48.15017749189819], [16.44783304255594, 48.15042048074608]]]}}, {"type": "Feature", "properties": {"base": 0, "height": 387.2}, "geometry": {"type": "Polygon", "coordinates": [[[16.447225709379232, 48.15061543804279], [16.44661837158797, 48.15081039214007], [16.446442636676174, 48.15056740329218], [16.447049975135048, 48.150372449194904], [16.447225709379232, 48.15061543804279]]]}}, {"type": "Feature", "properties": {"base": 0, "height": 389.9}, "geometry": {"type": "Polygon", "coordinates": [[[16.44661837158797, 48.15081039214007], [16.446011029182166, 48.15100534303784], [16.44583529360276, 48.15076235418996], [16.446442636676174, 48.15056740329218], [16.44661837158797, 48.15081039214007]]]}}, {"type": "Feature", "properties": {"base": 0, "height": 392.6}, "geometry": {"type": "Polygon", "coordinates": [[[16.446011029182166, 48.15100534303784], [16.445403682161825, 48.151200290736114], [16.445227945914816, 48.15095730188822], [16.44583529360276, 48.15076235418996], [16.446011029182166, 48.15100534303784]]]}}, {"type": "Feature", "properties": {"base": 0, "height": 395.4}, "geometry": {"type": "Polygon", "coordinates": [[[16.445403682161825, 48.151200290736114], [16.444796330526962, 48.15139523523479], [16.444620593612346, 48.15115224638689], [16.445227945914816, 48.15095730188822], [16.445403682161825, 48.151200290736114]]]}}, {"type": "Feature", "properties": {"base": 0, "height": 398.1}, "geometry": {"type": "Polygon", "coordinates": [[[16.444796330526962, 48.15139523523479], [16.444188974277584, 48.151590176533844], [16.444013236695366, 48.15134718768595], [16.444620593612346, 48.15115224638689], [16.444796330526962, 48.15139523523479]]]}}, {"type": "Feature", "properties": {"base": 0, "height": 400.8}, "geometry": {"type": "Polygon", "coordinates": [[[16.444188974277584, 48.151590176533844], [16.443581613413695, 48.151785114633235], [16.443405875163883, 48.15154212578536], [16.444013236695366, 48.15134718768595], [16.444188974277584, 48.151590176533844]]]}}, {"type": "Feature", "properties": {"base": 0, "height": 403.5}, "geometry": {"type": "Polygon", "coordinates": [[[16.443581613413695, 48.151785114633235], [16.44297424793531, 48.151980049532916], [16.44279850901791, 48.15173706068503], [16.443405875163883, 48.15154212578536], [16.443581613413695, 48.151785114633235]]]}}, {"type": "Feature", "properties": {"base": 0, "height": 406.2}, "geometry": {"type": "Polygon", "coordinates": [[[16.44297424793531, 48.151980049532916], [16.44236687784244, 48.15217498123284], [16.44219113825745, 48.151931992384945], [16.44279850901791, 48.15173706068503], [16.44297424793531, 48.151980049532916]]]}}, {"type": "Feature", "properties": {"base": 0, "height": 408.9}, "geometry": {"type": "Polygon", "coordinates": [[[16.44236687784244, 48.15217498123284], [16.441759503135092, 48.15236990973294], [16.441583762882516, 48.15212692088505], [16.44219113825745, 48.151931992384945], [16.44236687784244, 48.15217498123284]]]}}, {"type": "Feature", "properties": {"base": 0, "height": 411.6}, "geometry": {"type": "Polygon", "coordinates": [[[16.441759503135092, 48.15236990973294], [16.44115212381326, 48.15256483503318], [16.440976382893112, 48.15232184618531], [16.441583762882516, 48.15212692088505], [16.441759503135092, 48.15236990973294]]]}}, {"type": "Feature", "properties": {"base": 0, "height": 414.3}, "geometry": {"type": "Polygon", "coordinates": [[[16.44115212381326, 48.15256483503318], [16.440544739876977, 48.152759757133545], [16.440368998289248, 48.15251676828567], [16.440976382893112, 48.15232184618531], [16.44115212381326, 48.15256483503318]]]}}, {"type": "Feature", "properties": {"base": 0, "height": 417.0}, "geometry": {"type": "Polygon", "coordinates": [[[16.440544739876977, 48.152759757133545], [16.439937351326236, 48.15295467603397], [16.43976160907094, 48.15271168718608], [16.440368998289248, 48.15251676828567], [16.440544739876977, 48.152759757133545]]]}}, {"type": "Feature", "properties": {"base": 0, "height": 419.7}, "geometry": {"type": "Polygon", "coordinates": [[[16.439937351326236, 48.15295467603397], [16.439329958161057, 48.15314959173438], [16.439154215238187, 48.152906602886496], [16.43976160907094, 48.15271168718608], [16.439937351326236, 48.15295467603397]]]}}, {"type": "Feature", "properties": {"base": 0, "height": 422.4}, "geometry": {"type": "Polygon", "coordinates": [[[16.439329958161057, 48.15314959173438], [16.43872256038144, 48.153344504234774], [16.438546816791007, 48.15310151538688], [16.439154215238187, 48.152906602886496], [16.439329958161057, 48.15314959173438]]]}}, {"type": "Feature", "properties": {"base": 0, "height": 425.1}, "geometry": {"type": "Polygon", "coordinates": [[[16.43872256038144, 48.153344504234774], [16.438115157987397, 48.15353941353505], [16.437939413729403, 48.15329642468716], [16.438546816791007, 48.15310151538688], [16.43872256038144, 48.153344504234774]]]}}, {"type": "Feature", "properties": {"base": 0, "height": 427.8}, "geometry": {"type": "Polygon", "coordinates": [[[16.438115157987397, 48.15353941353505], [16.43750775097894, 48.15373431963523], [16.43733200605339, 48.15349133078734], [16.437939413729403, 48.15329642468716], [16.438115157987397, 48.15353941353505]]]}}, {"type": "Feature", "properties": {"base": 0, "height": 430.6}, "geometry": {"type": "Polygon", "coordinates": [[[16.43750775097894, 48.15373431963523], [16.43690033935608, 48.15392922253519], [16.436724593762975, 48.15368623368731], [16.43733200605339, 48.15349133078734], [16.43750775097894, 48.15373431963523]]]}}, {"type": "Feature", "properties": {"base": 0, "height": 433.3}, "geometry": {"type": "Polygon", "coordinates": [[[16.43690033935608, 48.15392922253519], [16.436292923118817, 48.15412412223496], [16.436117176858165, 48.153881133387074], [16.436724593762975, 48.15368623368731], [16.43690033935608, 48.15392922253519]]]}}, {"type": "Feature", "properties": {"base": 0, "height": 436.0}, "geometry": {"type": "Polygon", "coordinates": [[[16.436292923118817, 48.15412412223496], [16.435685502267166, 48.154319018734434], [16.43550975533897, 48.15407602988656], [16.436117176858165, 48.153881133387074], [16.436292923118817, 48.15412412223496]]]}}, {"type": "Feature", "properties": {"base": 0, "height": 438.7}, "geometry": {"type": "Polygon", "coordinates": [[[16.435685502267166, 48.154319018734434], [16.435078076801137, 48.15451391203362], [16.434902329205396, 48.15427092318574], [16.43550975533897, 48.15407602988656], [16.435685502267166, 48.154319018734434]]]}}, {"type": "Feature", "properties": {"base": 0, "height": 441.4}, "geometry": {"type": "Polygon", "coordinates": [[[16.435078076801137, 48.15451391203362], [16.434470646720737, 48.154708802132426], [16.434294898457463, 48.154465813284546], [16.434902329205396, 48.15427092318574], [16.435078076801137, 48.15451391203362]]]}}, {"type": "Feature", "properties": {"base": 0, "height": 444.1}, "geometry": {"type": "Polygon", "coordinates": [[[16.434470646720737, 48.154708802132426], [16.433863212025972, 48.154903689030846], [16.433687463095165, 48.15466070018296], [16.434294898457463, 48.154465813284546], [16.434470646720737, 48.154708802132426]]]}}, {"type": "Feature", "properties": {"base": 0, "height": 446.8}, "geometry": {"type": "Polygon", "coordinates": [[[16.433863212025972, 48.154903689030846], [16.433255772716862, 48.1550985727288], [16.43308002311852, 48.1548555838809], [16.433687463095165, 48.15466070018296], [16.433863212025972, 48.154903689030846]]]}}, {"type": "Feature", "properties": {"base": 0, "height": 449.5}, "geometry": {"type": "Polygon", "coordinates": [[[16.433255772716862, 48.1550985727288], [16.432648328793398, 48.15529345322625], [16.432472578527534, 48.15505046437836], [16.43308002311852, 48.1548555838809], [16.433255772716862, 48.1550985727288]]]}}, {"type": "Feature", "properties": {"base": 0, "height": 452.2}, "geometry": {"type": "Polygon", "coordinates": [[[16.432648328793398, 48.15529345322625], [16.43204088025561, 48.15548833052316], [16.431865129322226, 48.15524534167527], [16.432472578527534, 48.15505046437836], [16.432648328793398, 48.15529345322625]]]}}, {"type": "Feature", "properties": {"base": 0, "height": 454.9}, "geometry": {"type": "Polygon", "coordinates": [[[16.43204088025561, 48.15548833052316], [16.431433427103496, 48.15568320461947], [16.431257675502593, 48.15544021577158], [16.431865129322226, 48.15524534167527], [16.43204088025561, 48.15548833052316]]]}}, {"type": "Feature", "properties": {"base": 0, "height": 457.6}, "geometry": {"type": "Polygon", "coordinates": [[[16.431433427103496, 48.15568320461947], [16.430825969337068, 48.15587807551515], [16.43065021706865, 48.155635086667246], [16.431257675502593, 48.15544021577158], [16.431433427103496, 48.15568320461947]]]}}, {"type": "Feature", "properties": {"base": 0, "height": 460.3}, "geometry": {"type": "Polygon", "coordinates": [[[16.430825969337068, 48.15587807551515], [16.43021850695633, 48.15607294321012], [16.430042754020402, 48.155829954362225], [16.43065021706865, 48.155635086667246], [16.430825969337068, 48.15587807551515]]]}}, {"type": "Feature", "properties": {"base": 0, "height": 463.1}, "geometry": {"type": "Polygon", "coordinates": [[[16.43021850695633, 48.15607294321012], [16.42961103996129, 48.15626780770439], [16.429435286357858, 48.156024818856494], [16.430042754020402, 48.155829954362225], [16.43021850695633, 48.15607294321012]]]}}, {"type": "Feature", "properties": {"base": 0, "height": 465.8}, "geometry": {"type": "Polygon", "coordinates": [[[16.42961103996129, 48.15626780770439], [16.429003568351973, 48.15646266899786], [16.428827814081036, 48.15621968014999], [16.429435286357858, 48.156024818856494], [16.42961103996129, 48.15626780770439]]]}}, {"type": "Feature", "properties": {"base": 0, "height": 468.5}, "geometry": {"type": "Polygon", "coordinates": [[[16.429003568351973, 48.15646266899786], [16.428396092128374, 48.156657527090516], [16.428220337189934, 48.15641453824263], [16.428827814081036, 48.15621968014999], [16.429003568351973, 48.15646266899786]]]}}, {"type": "Feature", "properties": {"base": 0, "height": 471.2}, "geometry": {"type": "Polygon", "coordinates": [[[16.428396092128374, 48.156657527090516], [16.4277886112905, 48.15685238198229], [16.42761285568457, 48.15660939313441], [16.428220337189934, 48.15641453824263], [16.428396092128374, 48.156657527090516]]]}}, {"type": "Feature", "properties": {"base": 0, "height": 473.9}, "geometry": {"type": "Polygon", "coordinates": [[[16.4277886112905, 48.15685238198229], [16.427181125838366, 48.15704723367317], [16.427005369564945, 48.156804244825274], [16.42761285568457, 48.15660939313441], [16.4277886112905, 48.15685238198229]]]}}, {"type": "Feature", "properties": {"base": 0, "height": 476.6}, "geometry": {"type": "Polygon", "coordinates": [[[16.427181125838366, 48.15704723367317], [16.42657363577199, 48.15724208216305], [16.42639787883108, 48.15699909331518], [16.427005369564945, 48.156804244825274], [16.427181125838366, 48.15704723367317]]]}}, {"type": "Feature", "properties": {"base": 0, "height": 479.3}, "geometry": {"type": "Polygon", "coordinates": [[[16.42657363577199, 48.15724208216305], [16.42596614109136, 48.157436927451954], [16.42579038348297, 48.15719393860407], [16.42639787883108, 48.15699909331518], [16.42657363577199, 48.15724208216305]]]}}, {"type": "Feature", "properties": {"base": 0, "height": 482.0}, "geometry": {"type": "Polygon", "coordinates": [[[16.42596614109136, 48.157436927451954], [16.4253586417965, 48.1576317695398], [16.42518288352063, 48.15738878069191], [16.42579038348297, 48.15719393860407], [16.42596614109136, 48.157436927451954]]]}}, {"type": "Feature", "properties": {"base": 0, "height": 484.7}, "geometry": {"type": "Polygon", "coordinates": [[[16.4253586417965, 48.1576317695398], [16.424751137887423, 48.15782660842653], [16.424575378944073, 48.157583619578645], [16.42518288352063, 48.15738878069191], [16.4253586417965, 48.1576317695398]]]}}, {"type": "Feature", "properties": {"base": 0, "height": 487.4}, "geometry": {"type": "Polygon", "coordinates": [[[16.424751137887423, 48.15782660842653], [16.424143629364128, 48.158021444112116], [16.423967869753312, 48.15777845526423], [16.424575378944073, 48.157583619578645], [16.424751137887423, 48.15782660842653]]]}}, {"type": "Feature", "properties": {"base": 0, "height": 490.1}, "geometry": {"type": "Polygon", "coordinates": [[[16.424143629364128, 48.158021444112116], [16.423536116226625, 48.158216276596505], [16.42336035594834, 48.15797328774861], [16.423967869753312, 48.15777845526423], [16.424143629364128, 48.158021444112116]]]}}, {"type": "Feature", "properties": {"base": 0, "height": 492.8}, "geometry": {"type": "Polygon", "coordinates": [[[16.423536116226625, 48.158216276596505], [16.422928598474922, 48.158411105879665], [16.422752837529174, 48.15816811703178], [16.42336035594834, 48.15797328774861], [16.423536116226625, 48.158216276596505]]]}}, {"type": "Feature", "properties": {"base": 0, "height": 495.5}, "geometry": {"type": "Polygon", "coordinates": [[[16.422928598474922, 48.158411105879665], [16.422321076109043, 48.15860593196153], [16.42214531449583, 48.15836294311364], [16.422752837529174, 48.15816811703178], [16.422928598474922, 48.158411105879665]]]}}, {"type": "Feature", "properties": {"base": 0, "height": 498.3}, "geometry": {"type": "Polygon", "coordinates": [[[16.422321076109043, 48.15860593196153], [16.421713549128974, 48.15880075484206], [16.421537786848308, 48.15855776599418], [16.42214531449583, 48.15836294311364], [16.422321076109043, 48.15860593196153]]]}}, {"type": "Feature", "properties": {"base": 0, "height": 501.0}, "geometry": {"type": "Polygon", "coordinates": [[[16.421713549128974, 48.15880075484206], [16.421106017534747, 48.15899557452122], [16.42093025458663, 48.158752585673334], [16.421537786848308, 48.15855776599418], [16.421713549128974, 48.15880075484206]]]}}, {"type": "Feature", "properties": {"base": 0, "height": 503.7}, "geometry": {"type": "Polygon", "coordinates": [[[16.421106017534747, 48.15899557452122], [16.42049848132636, 48.15919039099896], [16.42032271771079, 48.15894740215107], [16.42093025458663, 48.158752585673334], [16.421106017534747, 48.15899557452122]]]}}, {"type": "Feature", "properties": {"base": 0, "height": 506.4}, "geometry": {"type": "Polygon", "coordinates": [[[16.42049848132636, 48.15919039099896], [16.419890940503816, 48.15938520427522], [16.419715176220805, 48.15914221542734], [16.42032271771079, 48.15894740215107], [16.42049848132636, 48.15919039099896]]]}}, {"type": "Feature", "properties": {"base": 0, "height": 509.1}, "geometry": {"type": "Polygon", "coordinates": [[[16.419890940503816, 48.15938520427522], [16.419283395067133, 48.15958001434998], [16.41910763011668, 48.159337025502076], [16.419715176220805, 48.15914221542734], [16.419890940503816, 48.15938520427522]]]}}, {"type": "Feature", "properties": {"base": 0, "height": 511.8}, "geometry": {"type": "Polygon", "coordinates": [[[16.419283395067133, 48.15958001434998], [16.418675845016317, 48.159774821223145], [16.418500079398427, 48.159531832375265], [16.41910763011668, 48.159337025502076], [16.419283395067133, 48.15958001434998]]]}}, {"type": "Feature", "properties": {"base": 0, "height": 514.5}, "geometry": {"type": "Polygon", "coordinates": [[[16.418675845016317, 48.159774821223145], [16.418068290351382, 48.15996962489472], [16.41789252406606, 48.15972663604683], [16.418500079398427, 48.159531832375265], [16.418675845016317, 48.159774821223145]]]}}, {"type": "Feature", "properties": {"base": 0, "height": 517.2}, "geometry": {"type": "Polygon", "coordinates": [[[16.418068290351382, 48.15996962489472], [16.417460731072335, 48.16016442536464], [16.417284964119585, 48.15992143651675], [16.41789252406606, 48.15972663604683], [16.418068290351382, 48.15996962489472]]]}}, {"type": "Feature", "properties": {"base": 0, "height": 519.9}, "geometry": {"type": "Polygon", "coordinates": [[[16.417460731072335, 48.16016442536464], [16.416853167179184, 48.160359222632835], [16.416677399559006, 48.160116233784954], [16.417284964119585, 48.15992143651675], [16.417460731072335, 48.16016442536464]]]}}, {"type": "Feature", "properties": {"base": 0, "height": 522.6}, "geometry": {"type": "Polygon", "coordinates": [[[16.416853167179184, 48.160359222632835], [16.416245598671935, 48.160554016699315], [16.416069830384334, 48.16031102785142], [16.416677399559006, 48.160116233784954], [16.416853167179184, 48.160359222632835]]]}}, {"type": "Feature", "properties": {"base": 0, "height": 525.3}, "geometry": {"type": "Polygon", "coordinates": [[[16.416245598671935, 48.160554016699315], [16.415638025550592, 48.16074880756397], [16.415462256595575, 48.160505818716096], [16.416069830384334, 48.16031102785142], [16.416245598671935, 48.160554016699315]]]}}, {"type": "Feature", "properties": {"base": 0, "height": 528.0}, "geometry": {"type": "Polygon", "coordinates": [[[16.415638025550592, 48.16074880756397], [16.415030447815187, 48.1609435952268], [16.414854678192757, 48.16070060637892], [16.415462256595575, 48.160505818716096], [16.415638025550592, 48.16074880756397]]]}}, {"type": "Feature", "properties": {"base": 0, "height": 530.7}, "geometry": {"type": "Polygon", "coordinates": [[[16.415030447815187, 48.1609435952268], [16.414422865465706, 48.16113837968775], [16.414247095175867, 48.160895390839855], [16.414854678192757, 48.16070060637892], [16.415030447815187, 48.1609435952268]]]}}, {"type": "Feature", "properties": {"base": 0, "height": 533.5}, "geometry": {"type": "Polygon", "coordinates": [[[16.414422865465706, 48.16113837968775], [16.41381527850217, 48.161333160946725], [16.413639507544925, 48.161090172098845], [16.414247095175867, 48.160895390839855], [16.414422865465706, 48.16113837968775]]]}}, {"type": "Feature", "properties": {"base": 0, "height": 536.2}, "geometry": {"type": "Polygon", "coordinates": [[[16.41381527850217, 48.161333160946725], [16.41320768692459, 48.16152793900376], [16.413031915299943, 48.16128495015588], [16.413639507544925, 48.161090172098845], [16.41381527850217, 48.161333160946725]]]}}, {"type": "Feature", "properties": {"base": 0, "height": 538.9}, "geometry": {"type": "Polygon", "coordinates": [[[16.41320768692459, 48.16152793900376], [16.412600090732962, 48.16172271385877], [16.41242431844092, 48.16147972501088], [16.413031915299943, 48.16128495015588], [16.41320768692459, 48.16152793900376]]]}}, {"type": "Feature", "properties": {"base": 0, "height": 541.6}, "geometry": {"type": "Polygon", "coordinates": [[[16.412600090732962, 48.16172271385877], [16.411992489927307, 48.161917485511694], [16.411816716967866, 48.1616744966638], [16.41242431844092, 48.16147972501088], [16.412600090732962, 48.16172271385877]]]}}, {"type": "Feature", "properties": {"base": 0, "height": 544.3}, "geometry": {"type": "Polygon", "coordinates": [[[16.411992489927307, 48.161917485511694], [16.411384884507637, 48.16211225396251], [16.411209110880804, 48.16186926511462], [16.411816716967866, 48.1616744966638], [16.411992489927307, 48.161917485511694]]]}}, {"type": "Feature", "properties": {"base": 0, "height": 547.0}, "geometry": {"type": "Polygon", "coordinates": [[[16.411384884507637, 48.16211225396251], [16.41077727447395, 48.16230701921116], [16.410601500179734, 48.16206403036327], [16.411209110880804, 48.16186926511462], [16.411384884507637, 48.16211225396251]]]}}, {"type": "Feature", "properties": {"base": 0, "height": 549.7}, "geometry": {"type": "Polygon", "coordinates": [[[16.41077727447395, 48.16230701921116], [16.410169659826263, 48.16250178125759], [16.40999388486466, 48.162258792409695], [16.410601500179734, 48.16206403036327], [16.41077727447395, 48.16230701921116]]]}}, {"type": "Feature", "properties": {"base": 0, "height": 552.4}, "geometry": {"type": "Polygon", "coordinates": [[[16.410169659826263, 48.16250178125759], [16.40956204056458, 48.16269654010176], [16.409386264935602, 48.162453551253876], [16.40999388486466, 48.162258792409695], [16.410169659826263, 48.16250178125759]]]}}, {"type": "Feature", "properties": {"base": 0, "height": 555.1}, "geometry": {"type": "Polygon", "coordinates": [[[16.40956204056458, 48.16269654010176], [16.408954416688918, 48.16289129574364], [16.408778640392566, 48.162648306895754], [16.409386264935602, 48.162453551253876], [16.40956204056458, 48.16269654010176]]]}}, {"type": "Feature", "properties": {"base": 0, "height": 557.8}, "geometry": {"type": "Polygon", "coordinates": [[[16.408954416688918, 48.16289129574364], [16.408346788199275, 48.16308604818316], [16.40817101123555, 48.16284305933529], [16.408778640392566, 48.162648306895754], [16.408954416688918, 48.16289129574364]]]}}, {"type": "Feature", "properties": {"base": 0, "height": 560.5}, "geometry": {"type": "Polygon", "coordinates": [[[16.408346788199275, 48.16308604818316], [16.407739155095665, 48.1632807974203], [16.407563377464577, 48.16303780857241], [16.40817101123555, 48.16284305933529], [16.408346788199275, 48.16308604818316]]]}}, {"type": "Feature", "properties": {"base": 0, "height": 563.2}, "geometry": {"type": "Polygon", "coordinates": [[[16.407739155095665, 48.1632807974203], [16.407131517378108, 48.16347554345499], [16.406955739079653, 48.1632325546071], [16.407563377464577, 48.16303780857241], [16.407739155095665, 48.1632807974203]]]}}, {"type": "Feature", "properties": {"base": 0, "height": 566.0}, "geometry": {"type": "Polygon", "coordinates": [[[16.407131517378108, 48.16347554345499], [16.4065238750466, 48.163670286287186], [16.406348096080784, 48.1634272974393], [16.406955739079653, 48.1632325546071], [16.407131517378108, 48.16347554345499]]]}}, {"type": "Feature", "properties": {"base": 0, "height": 568.7}, "geometry": {"type": "Polygon", "coordinates": [[[16.4065238750466, 48.163670286287186], [16.40591622810115, 48.16386502591687], [16.40574044846798, 48.163622037068976], [16.406348096080784, 48.1634272974393], [16.4065238750466, 48.163670286287186]]]}}, {"type": "Feature", "properties": {"base": 0, "height": 571.4}, "geometry": {"type": "Polygon", "coordinates": [[[16.40591622810115, 48.16386502591687], [16.405308576541778, 48.16405976234394], [16.405132796241258, 48.16381677349605], [16.40574044846798, 48.163622037068976], [16.40591622810115, 48.16386502591687]]]}}, {"type": "Feature", "properties": {"base": 0, "height": 574.1}, "geometry": {"type": "Polygon", "coordinates": [[[16.405308576541778, 48.16405976234394], [16.404700920368484, 48.1642544955684], [16.404525139400615, 48.16401150672051], [16.405132796241258, 48.16381677349605], [16.405308576541778, 48.16405976234394]]]}}, {"type": "Feature", "properties": {"base": 0, "height": 576.8}, "geometry": {"type": "Polygon", "coordinates": [[[16.404700920368484, 48.1642544955684], [16.40409325958128, 48.16444922559019], [16.40391747794607, 48.16420623674229], [16.404525139400615, 48.16401150672051], [16.404700920368484, 48.1642544955684]]]}}, {"type": "Feature", "properties": {"base": 0, "height": 579.5}, "geometry": {"type": "Polygon", "coordinates": [[[16.40409325958128, 48.16444922559019], [16.40348559418018, 48.164643952409236], [16.403309811877627, 48.164400963561356], [16.40391747794607, 48.16420623674229], [16.40409325958128, 48.16444922559019]]]}}, {"type": "Feature", "properties": {"base": 0, "height": 582.2}, "geometry": {"type": "Polygon", "coordinates": [[[16.40348559418018, 48.164643952409236], [16.40287792416519, 48.16483867602555], [16.4027021411953, 48.164595687177666], [16.403309811877627, 48.164400963561356], [16.40348559418018, 48.164643952409236]]]}}, {"type": "Feature", "properties": {"base": 0, "height": 584.9}, "geometry": {"type": "Polygon", "coordinates": [[[16.40287792416519, 48.16483867602555], [16.40227024953631, 48.16503339643904], [16.402094465899086, 48.16479040759114], [16.4027021411953, 48.164595687177666], [16.40287792416519, 48.16483867602555]]]}}, {"type": "Feature", "properties": {"base": 0, "height": 587.6}, "geometry": {"type": "Polygon", "coordinates": [[[16.40227024953631, 48.16503339643904], [16.401662570293567, 48.16522811364966], [16.401486785989018, 48.164985124801774], [16.402094465899086, 48.16479040759114], [16.40227024953631, 48.16503339643904]]]}}, {"type": "Feature", "properties": {"base": 0, "height": 590.3}, "geometry": {"type": "Polygon", "coordinates": [[[16.401662570293567, 48.16522811364966], [16.401054886436953, 48.165422827657395], [16.400879101465076, 48.1651798388095], [16.401486785989018, 48.164985124801774], [16.401662570293567, 48.16522811364966]]]}}, {"type": "Feature", "properties": {"base": 0, "height": 593.0}, "geometry": {"type": "Polygon", "coordinates": [[[16.401054886436953, 48.165422827657395], [16.40044719796649, 48.165617538462186], [16.400271412327296, 48.16537454961429], [16.400879101465076, 48.1651798388095], [16.401054886436953, 48.165422827657395]]]}}, {"type": "Feature", "properties": {"base": 0, "height": 595.7}, "geometry": {"type": "Polygon", "coordinates": [[[16.40044719796649, 48.165617538462186], [16.39983950488218, 48.16581224606395], [16.399663718575667, 48.16556925721606], [16.400271412327296, 48.16537454961429], [16.40044719796649, 48.165617538462186]]]}}, {"type": "Feature", "properties": {"base": 0, "height": 598.4}, "geometry": {"type": "Polygon", "coordinates": [[[16.39983950488218, 48.16581224606395], [16.39923180718404, 48.1660069504627], [16.399056020210214, 48.16576396161481], [16.399663718575667, 48.16556925721606], [16.39983950488218, 48.16581224606395]]]}}, {"type": "Feature", "properties": {"base": 0, "height": 601.2}, "geometry": {"type": "Polygon", "coordinates": [[[16.39923180718404, 48.1660069504627], [16.398624104872066, 48.166201651658334], [16.398448317230933, 48.16595866281045], [16.399056020210214, 48.16576396161481], [16.39923180718404, 48.1660069504627]]]}}, {"type": "Feature", "properties": {"base": 0, "height": 603.9}, "geometry": {"type": "Polygon", "coordinates": [[[16.398624104872066, 48.166201651658334], [16.39801639794628, 48.16639634965085], [16.39784060963784, 48.16615336080297], [16.398448317230933, 48.16595866281045], [16.398624104872066, 48.166201651658334]]]}}, {"type": "Feature", "properties": {"base": 0, "height": 606.6}, "geometry": {"type": "Polygon", "coordinates": [[[16.39801639794628, 48.16639634965085], [16.39740868640669, 48.16659104444019], [16.39723289743095, 48.16634805559231], [16.39784060963784, 48.16615336080297], [16.39801639794628, 48.16639634965085]]]}}, {"type": "Feature", "properties": {"base": 0, "height": 609.3}, "geometry": {"type": "Polygon", "coordinates": [[[16.39740868640669, 48.16659104444019], [16.39680097025329, 48.1667857360263], [16.396625180610258, 48.166542747178404], [16.39723289743095, 48.16634805559231], [16.39740868640669, 48.16659104444019]]]}}, {"type": "Feature", "properties": {"base": 0, "height": 612.0}, "geometry": {"type": "Polygon", "coordinates": [[[16.39680097025329, 48.1667857360263], [16.396193249486114, 48.16698042440914], [16.39601745917578, 48.166737435561245], [16.396625180610258, 48.166542747178404], [16.39680097025329, 48.1667857360263]]]}}, {"type": "Feature", "properties": {"base": 0, "height": 614.7}, "geometry": {"type": "Polygon", "coordinates": [[[16.396193249486114, 48.16698042440914], [16.395585524105154, 48.16717510958864], [16.395409733127536, 48.166932120740746], [16.39601745917578, 48.166737435561245], [16.396193249486114, 48.16698042440914]]]}}, {"type": "Feature", "properties": {"base": 0, "height": 617.4}, "geometry": {"type": "Polygon", "coordinates": [[[16.395585524105154, 48.16717510958864], [16.39497779411042, 48.16736979156479], [16.394802002465518, 48.1671268027169], [16.395409733127536, 48.166932120740746], [16.395585524105154, 48.16717510958864]]]}}, {"type": "Feature", "properties": {"base": 0, "height": 620.1}, "geometry": {"type": "Polygon", "coordinates": [[[16.39497779411042, 48.16736979156479], [16.394370059501934, 48.16756447033751], [16.39419426718975, 48.16732148148964], [16.394802002465518, 48.1671268027169], [16.39497779411042, 48.16736979156479]]]}}, {"type": "Feature", "properties": {"base": 0, "height": 622.8}, "geometry": {"type": "Polygon", "coordinates": [[[16.394370059501934, 48.16756447033751], [16.39376232027969, 48.1677591459068], [16.393586527300226, 48.16751615705891], [16.39419426718975, 48.16732148148964], [16.394370059501934, 48.16756447033751]]]}}, {"type": "Feature", "properties": {"base": 0, "height": 625.5}, "geometry": {"type": "Polygon", "coordinates": [[[16.39376232027969, 48.1677591459068], [16.39315457644371, 48.16795381827256], [16.392978782796973, 48.16771082942467], [16.393586527300226, 48.16751615705891], [16.39376232027969, 48.1677591459068]]]}}, {"type": "Feature", "properties": {"base": 0, "height": 628.2}, "geometry": {"type": "Polygon", "coordinates": [[[16.39315457644371, 48.16795381827256], [16.392546827993996, 48.168148487434756], [16.39237103367999, 48.16790549858688], [16.392978782796973, 48.16771082942467], [16.39315457644371, 48.16795381827256]]]}}, {"type": "Feature", "properties": {"base": 0, "height": 630.9}, "geometry": {"type": "Polygon", "coordinates": [[[16.392546827993996, 48.168148487434756], [16.391939074930562, 48.16834315339338], [16.391763279949288, 48.1681001645455], [16.39237103367999, 48.16790549858688], [16.392546827993996, 48.168148487434756]]]}}, {"type": "Feature", "properties": {"base": 0, "height": 633.6}, "geometry": {"type": "Polygon", "coordinates": [[[16.391939074930562, 48.16834315339338], [16.39133131725341, 48.16853781614836], [16.39115552160487, 48.168294827300485], [16.391763279949288, 48.1681001645455], [16.391939074930562, 48.16834315339338]]]}}, {"type": "Feature", "properties": {"base": 0, "height": 636.4}, "geometry": {"type": "Polygon", "coordinates": [[[16.39133131725341, 48.16853781614836], [16.390723554962552, 48.16873247569964], [16.390547758646758, 48.16848948685177], [16.39115552160487, 48.168294827300485], [16.39133131725341, 48.16853781614836]]]}}, {"type": "Feature", "properties": {"base": 0, "height": 639.1}, "geometry": {"type": "Polygon", "coordinates": [[[16.390723554962552, 48.16873247569964], [16.390115788058004, 48.1689271320472], [16.389939991074954, 48.168684143199314], [16.390547758646758, 48.16848948685177], [16.390723554962552, 48.16873247569964]]]}}, {"type": "Feature", "properties": {"base": 0, "height": 641.8}, "geometry": {"type": "Polygon", "coordinates": [[[16.390115788058004, 48.1689271320472], [16.389508016539764, 48.169121785190974], [16.38933221888946, 48.16887879634308], [16.389939991074954, 48.168684143199314], [16.390115788058004, 48.1689271320472]]]}}, {"type": "Feature", "properties": {"base": 0, "height": 644.5}, "geometry": {"type": "Polygon", "coordinates": [[[16.389508016539764, 48.169121785190974], [16.388900240407853, 48.1693164351309], [16.388724442090304, 48.16907344628303], [16.38933221888946, 48.16887879634308], [16.389508016539764, 48.169121785190974]]]}}, {"type": "Feature", "properties": {"base": 0, "height": 647.2}, "geometry": {"type": "Polygon", "coordinates": [[[16.388900240407853, 48.1693164351309], [16.38829245966227, 48.169511081866986], [16.38811666067748, 48.16926809301909], [16.388724442090304, 48.16907344628303], [16.388900240407853, 48.1693164351309]]]}}, {"type": "Feature", "properties": {"base": 0, "height": 649.9}, "geometry": {"type": "Polygon", "coordinates": [[[16.38829245966227, 48.169511081866986], [16.387684674303035, 48.16970572539911], [16.387508874651, 48.16946273655123], [16.38811666067748, 48.16926809301909], [16.38829245966227, 48.169511081866986]]]}}, {"type": "Feature", "properties": {"base": 0, "height": 652.6}, "geometry": {"type": "Polygon", "coordinates": [[[16.387684674303035, 48.16970572539911], [16.387076884330153, 48.1699003657273], [16.386901084010884, 48.169657376879414], [16.387508874651, 48.16946273655123], [16.387684674303035, 48.16970572539911]]]}}, {"type": "Feature", "properties": {"base": 0, "height": 655.3}, "geometry": {"type": "Polygon", "coordinates": [[[16.387076884330153, 48.1699003657273], [16.386469089743628, 48.170095002851454], [16.38629328875713, 48.16985201400358], [16.386901084010884, 48.169657376879414], [16.387076884330153, 48.1699003657273]]]}}, {"type": "Feature", "properties": {"base": 0, "height": 658.0}, "geometry": {"type": "Polygon", "coordinates": [[[16.386469089743628, 48.170095002851454], [16.385861290543478, 48.17028963677154], [16.385685488889752, 48.17004664792367], [16.38629328875713, 48.16985201400358], [16.386469089743628, 48.170095002851454]]]}}, {"type": "Feature", "properties": {"base": 0, "height": 660.7}, "geometry": {"type": "Polygon", "coordinates": [[[16.385861290543478, 48.17028963677154], [16.385253486729695, 48.17048426748756], [16.38507768440875, 48.17024127863967], [16.385685488889752, 48.17004664792367], [16.385861290543478, 48.17028963677154]]]}}, {"type": "Feature", "properties": {"base": 0, "height": 663.4}, "geometry": {"type": "Polygon", "coordinates": [[[16.385253486729695, 48.17048426748756], [16.38464567830232, 48.170678894999405], [16.384469875314153, 48.17043590615151], [16.38507768440875, 48.17024127863967], [16.385253486729695, 48.17048426748756]]]}}, {"type": "Feature", "properties": {"base": 0, "height": 666.1}, "geometry": {"type": "Polygon", "coordinates": [[[16.38464567830232, 48.170678894999405], [16.38403786526133, 48.170873519307044], [16.383862061605953, 48.170630530459164], [16.384469875314153, 48.17043590615151], [16.38464567830232, 48.170678894999405]]]}}, {"type": "Feature", "properties": {"base": 0, "height": 668.9}, "geometry": {"type": "Polygon", "coordinates": [[[16.38403786526133, 48.170873519307044], [16.383430047606755, 48.17106814041046], [16.38325424328416, 48.17082515156256], [16.383862061605953, 48.170630530459164], [16.38403786526133, 48.170873519307044]]]}}, {"type": "Feature", "properties": {"base": 0, "height": 671.6}, "geometry": {"type": "Polygon", "coordinates": [[[16.383430047606755, 48.17106814041046], [16.3828222253386, 48.17126275830957], [16.382646420348795, 48.171019769461694], [16.38325424328416, 48.17082515156256], [16.383430047606755, 48.17106814041046]]]}}, {"type": "Feature", "properties": {"base": 0, "height": 674.3}, "geometry": {"type": "Polygon", "coordinates": [[[16.3828222253386, 48.17126275830957], [16.382214398456863, 48.17145737300435], [16.38203859279986, 48.17121438415646], [16.382646420348795, 48.171019769461694], [16.3828222253386, 48.17126275830957]]]}}, {"type": "Feature", "properties": {"base": 0, "height": 677.0}, "geometry": {"type": "Polygon", "coordinates": [[[16.382214398456863, 48.17145737300435], [16.38160656696157, 48.17165198449473], [16.381430760637365, 48.171408995646836], [16.38203859279986, 48.17121438415646], [16.382214398456863, 48.17145737300435]]]}}, {"type": "Feature", "properties": {"base": 0, "height": 679.7}, "geometry": {"type": "Polygon", "coordinates": [[[16.38160656696157, 48.17165198449473], [16.380998730852724, 48.17184659278069], [16.380822923861324, 48.17160360393281], [16.381430760637365, 48.171408995646836], [16.38160656696157, 48.17165198449473]]]}}, {"type": "Feature", "properties": {"base": 0, "height": 682.4}, "geometry": {"type": "Polygon", "coordinates": [[[16.380998730852724, 48.17184659278069], [16.38039089013032, 48.172041197862185], [16.38021508247173, 48.17179820901429], [16.380822923861324, 48.17160360393281], [16.380998730852724, 48.17184659278069]]]}}, {"type": "Feature", "properties": {"base": 0, "height": 685.1}, "geometry": {"type": "Polygon", "coordinates": [[[16.38039089013032, 48.172041197862185], [16.379783044794397, 48.17223579973915], [16.379607236468615, 48.17199281089127], [16.38021508247173, 48.17179820901429], [16.38039089013032, 48.172041197862185]]]}}, {"type": "Feature", "properties": {"base": 0, "height": 687.8}, "geometry": {"type": "Polygon", "coordinates": [[[16.379783044794397, 48.17223579973915], [16.379175194844944, 48.17243039841154], [16.378999385851973, 48.172187409563655], [16.379607236468615, 48.17199281089127], [16.379783044794397, 48.17223579973915]]]}}, {"type": "Feature", "properties": {"base": 0, "height": 690.5}, "geometry": {"type": "Polygon", "coordinates": [[[16.379175194844944, 48.17243039841154], [16.378567340281972, 48.17262499387933], [16.37839153062182, 48.17238200503145], [16.378999385851973, 48.172187409563655], [16.379175194844944, 48.17243039841154]]]}}, {"type": "Feature", "properties": {"base": 0, "height": 693.2}, "geometry": {"type": "Polygon", "coordinates": [[[16.378567340281972, 48.17262499387933], [16.377959481105492, 48.17281958614245], [16.377783670778165, 48.17257659729456], [16.37839153062182, 48.17238200503145], [16.378567340281972, 48.17262499387933]]]}}, {"type": "Feature", "properties": {"base": 0, "height": 695.9}, "geometry": {"type": "Polygon", "coordinates": [[[16.377959481105492, 48.17281958614245], [16.377351617315515, 48.17301417520086], [16.377175806321016, 48.17277118635297], [16.377783670778165, 48.17257659729456], [16.377959481105492, 48.17281958614245]]]}}, {"type": "Feature", "properties": {"base": 0, "height": 698.6}, "geometry": {"type": "Polygon", "coordinates": [[[16.377351617315515, 48.17301417520086], [16.376743748912048, 48.17320876105453], [16.376567937250382, 48.17296577220664], [16.377175806321016, 48.17277118635297], [16.377351617315515, 48.17301417520086]]]}}, {"type": "Feature", "properties": {"base": 0, "height": 701.3}, "geometry": {"type": "Polygon", "coordinates": [[[16.376743748912048, 48.17320876105453], [16.37613587589511, 48.17340334370339], [16.375960063566275, 48.17316035485552], [16.376567937250382, 48.17296577220664], [16.376743748912048, 48.17320876105453]]]}}, {"type": "Feature", "properties": {"base": 0, "height": 704.1}, "geometry": {"type": "Polygon", "coordinates": [[[16.37613587589511, 48.17340334370339], [16.375527998264694, 48.17359792314742], [16.375352185268703, 48.17335493429952], [16.375960063566275, 48.17316035485552], [16.37613587589511, 48.17340334370339]]]}}, {"type": "Feature", "properties": {"base": 0, "height": 706.8}, "geometry": {"type": "Polygon", "coordinates": [[[16.375527998264694, 48.17359792314742], [16.374920116020817, 48.17379249938652], [16.37474430235767, 48.17354951053864], [16.375352185268703, 48.17335493429952], [16.375527998264694, 48.17359792314742]]]}}, {"type": "Feature", "properties": {"base": 0, "height": 709.5}, "geometry": {"type": "Polygon", "coordinates": [[[16.374920116020817, 48.17379249938652], [16.374312229163504, 48.17398707242073], [16.3741364148332, 48.17374408357284], [16.37474430235767, 48.17354951053864], [16.374920116020817, 48.17379249938652]]]}}, {"type": "Feature", "properties": {"base": 0, "height": 712.2}, "geometry": {"type": "Polygon", "coordinates": [[[16.374312229163504, 48.17398707242073], [16.373704337692736, 48.17418164224993], [16.37352852269528, 48.17393865340205], [16.3741364148332, 48.17374408357284], [16.374312229163504, 48.17398707242073]]]}}, {"type": "Feature", "properties": {"base": 0, "height": 714.9}, "geometry": {"type": "Polygon", "coordinates": [[[16.373704337692736, 48.17418164224993], [16.373096441608542, 48.1743762088741], [16.372920625943944, 48.17413322002621], [16.37352852269528, 48.17393865340205], [16.373704337692736, 48.17418164224993]]]}}, {"type": "Feature", "properties": {"base": 0, "height": 717.6}, "geometry": {"type": "Polygon", "coordinates": [[[16.373096441608542, 48.1743762088741], [16.372488540910926, 48.1745707722932], [16.37231272457918, 48.17432778344532], [16.372920625943944, 48.17413322002621], [16.373096441608542, 48.1743762088741]]]}}, {"type": "Feature", "properties": {"base": 0, "height": 720.3}, "geometry": {"type": "Polygon", "coordinates": [[[16.372488540910926, 48.1745707722932], [16.371880635599894, 48.174765332507164], [16.371704818601017, 48.17452234365929], [16.37231272457918, 48.17432778344532], [16.372488540910926, 48.1745707722932]]]}}, {"type": "Feature", "properties": {"base": 0, "height": 723.0}, "geometry": {"type": "Polygon", "coordinates": [[[16.371880635599894, 48.174765332507164], [16.371272725675464, 48.174959889515975], [16.37109690800945, 48.174716900668095], [16.371704818601017, 48.17452234365929], [16.371880635599894, 48.174765332507164]]]}}, {"type": "Feature", "properties": {"base": 0, "height": 725.7}, "geometry": {"type": "Polygon", "coordinates": [[[16.371272725675464, 48.174959889515975], [16.370664811137637, 48.175154443319556], [16.370488992804493, 48.17491145447167], [16.37109690800945, 48.174716900668095], [16.371272725675464, 48.174959889515975]]]}}, {"type": "Feature", "properties": {"base": 0, "height": 728.4}, "geometry": {"type": "Polygon", "coordinates": [[[16.370664811137637, 48.175154443319556], [16.370056891986422, 48.17534899391789], [16.369881072986157, 48.17510600507002], [16.370488992804493, 48.17491145447167], [16.370664811137637, 48.175154443319556]]]}}, {"type": "Feature", "properties": {"base": 0, "height": 731.1}, "geometry": {"type": "Polygon", "coordinates": [[[16.370056891986422, 48.17534899391789], [16.369448968221846, 48.17554354131092], [16.369273148554452, 48.17530055246303], [16.369881072986157, 48.17510600507002], [16.370056891986422, 48.17534899391789]]]}}, {"type": "Feature", "properties": {"base": 0, "height": 733.8}, "geometry": {"type": "Polygon", "coordinates": [[[16.369448968221846, 48.17554354131092], [16.3688410398439, 48.175738085498566], [16.36866521950939, 48.17549509665067], [16.369273148554452, 48.17530055246303], [16.369448968221846, 48.17554354131092]]]}}, {"type": "Feature", "properties": {"base": 0, "height": 736.5}, "geometry": {"type": "Polygon", "coordinates": [[[16.3688410398439, 48.175738085498566], [16.368233106852582, 48.175932626480844], [16.36805728585096, 48.175689637632956], [16.36866521950939, 48.17549509665067], [16.3688410398439, 48.175738085498566]]]}}, {"type": "Feature", "properties": {"base": 0, "height": 739.3}, "geometry": {"type": "Polygon", "coordinates": [[[16.368233106852582, 48.175932626480844], [16.367625169247933, 48.17612716425766], [16.367449347579203, 48.17588417540978], [16.36805728585096, 48.175689637632956], [16.368233106852582, 48.175932626480844]]]}}, {"type": "Feature", "properties": {"base": 0, "height": 742.0}, "geometry": {"type": "Polygon", "coordinates": [[[16.367625169247933, 48.17612716425766], [16.367017227029947, 48.176321698829], [16.366841404694107, 48.17607870998111], [16.367449347579203, 48.17588417540978], [16.367625169247933, 48.17612716425766]]]}}, {"type": "Feature", "properties": {"base": 0, "height": 744.7}, "geometry": {"type": "Polygon", "coordinates": [[[16.367017227029947, 48.176321698829], [16.36640928019863, 48.17651623019478], [16.366233457195687, 48.1762732413469], [16.366841404694107, 48.17607870998111], [16.367017227029947, 48.176321698829]]]}}, {"type": "Feature", "properties": {"base": 0, "height": 747.4}, "geometry": {"type": "Polygon", "coordinates": [[[16.36640928019863, 48.17651623019478], [16.365801328753996, 48.17671075835498], [16.36562550508396, 48.1764677695071], [16.366233457195687, 48.1762732413469], [16.36640928019863, 48.17651623019478]]]}}, {"type": "Feature", "properties": {"base": 0, "height": 750.1}, "geometry": {"type": "Polygon", "coordinates": [[[16.365801328753996, 48.17671075835498], [16.36519337269606, 48.176905283309566], [16.36501754835892, 48.17666229446168], [16.36562550508396, 48.1764677695071], [16.365801328753996, 48.17671075835498]]]}}, {"type": "Feature", "properties": {"base": 0, "height": 752.8}, "geometry": {"type": "Polygon", "coordinates": [[[16.36519337269606, 48.176905283309566], [16.364585412024816, 48.177099805058454], [16.36440958702059, 48.17685681621057], [16.36501754835892, 48.17666229446168], [16.36519337269606, 48.176905283309566]]]}}, {"type": "Feature", "properties": {"base": 0, "height": 755.5}, "geometry": {"type": "Polygon", "coordinates": [[[16.364585412024816, 48.177099805058454], [16.363977446740286, 48.17729432360164], [16.363801621068973, 48.17705133475375], [16.36440958702059, 48.17685681621057], [16.364585412024816, 48.177099805058454]]]}}, {"type": "Feature", "properties": {"base": 0, "height": 758.2}, "geometry": {"type": "Polygon", "coordinates": [[[16.363977446740286, 48.17729432360164], [16.363369476842475, 48.17748883893903], [16.363193650504076, 48.17724585009113], [16.363801621068973, 48.17705133475375], [16.363977446740286, 48.17729432360164]]]}}, {"type": "Feature", "properties": {"base": 0, "height": 760.9}, "geometry": {"type": "Polygon", "coordinates": [[[16.363369476842475, 48.17748883893903], [16.3627615023314, 48.17768335107062], [16.36258567532592, 48.177440362222725], [16.363193650504076, 48.17724585009113], [16.363369476842475, 48.17748883893903]]]}}, {"type": "Feature", "properties": {"base": 0, "height": 763.6}, "geometry": {"type": "Polygon", "coordinates": [[[16.3627615023314, 48.17768335107062], [16.362153523207056, 48.17787785999634], [16.361977695534506, 48.177634871148456], [16.36258567532592, 48.177440362222725], [16.3627615023314, 48.17768335107062]]]}}, {"type": "Feature", "properties": {"base": 0, "height": 766.3}, "geometry": {"type": "Polygon", "coordinates": [[[16.362153523207056, 48.17787785999634], [16.361545539469464, 48.17807236571615], [16.36136971112984, 48.177829376868274], [16.361977695534506, 48.177634871148456], [16.362153523207056, 48.17787785999634]]]}}, {"type": "Feature", "properties": {"base": 0, "height": 769.0}, "geometry": {"type": "Polygon", "coordinates": [[[16.361545539469464, 48.17807236571615], [16.36093755111863, 48.17826686823001], [16.36076172211194, 48.17802387938212], [16.36136971112984, 48.177829376868274], [16.361545539469464, 48.17807236571615]]]}}, {"type": "Feature", "properties": {"base": 0, "height": 771.8}, "geometry": {"type": "Polygon", "coordinates": [[[16.36093755111863, 48.17826686823001], [16.360329558154564, 48.17846136753785], [16.36015372848081, 48.17821837868998], [16.36076172211194, 48.17802387938212], [16.36093755111863, 48.17826686823001]]]}}, {"type": "Feature", "properties": {"base": 0, "height": 774.5}, "geometry": {"type": "Polygon", "coordinates": [[[16.360329558154564, 48.17846136753785], [16.35972156057728, 48.178655863639676], [16.359545730236466, 48.17841287479178], [16.36015372848081, 48.17821837868998], [16.360329558154564, 48.17846136753785]]]}}, {"type": "Feature", "properties": {"base": 0, "height": 777.2}, "geometry": {"type": "Polygon", "coordinates": [[[16.35972156057728, 48.178655863639676], [16.359113558386774, 48.17885035653539], [16.358937727378905, 48.178607367687505], [16.359545730236466, 48.17841287479178], [16.35972156057728, 48.178655863639676]]]}}, {"type": "Feature", "properties": {"base": 0, "height": 779.9}, "geometry": {"type": "Polygon", "coordinates": [[[16.359113558386774, 48.17885035653539], [16.358505551583075, 48.179044846224976], [16.358329719908152, 48.17880185737708], [16.358937727378905, 48.178607367687505], [16.359113558386774, 48.17885035653539]]]}}, {"type": "Feature", "properties": {"base": 0, "height": 782.6}, "geometry": {"type": "Polygon", "coordinates": [[[16.358505551583075, 48.179044846224976], [16.357897540166174, 48.17923933270836], [16.357721707824204, 48.17899634386047], [16.358329719908152, 48.17880185737708], [16.358505551583075, 48.179044846224976]]]}}, {"type": "Feature", "properties": {"base": 0, "height": 785.3}, "geometry": {"type": "Polygon", "coordinates": [[[16.357897540166174, 48.17923933270836], [16.35728952413609, 48.179433815985504], [16.357113691127076, 48.17919082713763], [16.357721707824204, 48.17899634386047], [16.357897540166174, 48.17923933270836]]]}}, {"type": "Feature", "properties": {"base": 0, "height": 788.0}, "geometry": {"type": "Polygon", "coordinates": [[[16.35728952413609, 48.179433815985504], [16.356681503492837, 48.17962829605641], [16.35650566981678, 48.17938530720851], [16.357113691127076, 48.17919082713763], [16.35728952413609, 48.179433815985504]]]}}, {"type": "Feature", "properties": {"base": 0, "height": 790.7}, "geometry": {"type": "Polygon", "coordinates": [[[16.356681503492837, 48.17962829605641], [16.356073478236407, 48.17982277292096], [16.355897643893318, 48.17957978407306], [16.35650566981678, 48.17938530720851], [16.356681503492837, 48.17962829605641]]]}}, {"type": "Feature", "properties": {"base": 0, "height": 793.4}, "geometry": {"type": "Polygon", "coordinates": [[[16.356073478236407, 48.17982277292096], [16.355465448366832, 48.18001724657915], [16.355289613356707, 48.17977425773126], [16.355897643893318, 48.17957978407306], [16.356073478236407, 48.17982277292096]]]}}, {"type": "Feature", "properties": {"base": 0, "height": 796.1}, "geometry": {"type": "Polygon", "coordinates": [[[16.355465448366832, 48.18001724657915], [16.3548574138841, 48.180211717030915], [16.354681578206954, 48.17996872818303], [16.355289613356707, 48.17977425773126], [16.355465448366832, 48.18001724657915]]]}}, {"type": "Feature", "properties": {"base": 0, "height": 798.8}, "geometry": {"type": "Polygon", "coordinates": [[[16.3548574138841, 48.180211717030915], [16.35424937478824, 48.18040618427621], [16.354073538444066, 48.18016319542831], [16.354681578206954, 48.17996872818303], [16.3548574138841, 48.180211717030915]]]}}, {"type": "Feature", "properties": {"base": 0, "height": 801.5}, "geometry": {"type": "Polygon", "coordinates": [[[16.35424937478824, 48.18040618427621], [16.35364133107925, 48.180600648315], [16.35346549406805, 48.18035765946713], [16.354073538444066, 48.18016319542831], [16.35424937478824, 48.18040618427621]]]}}, {"type": "Feature", "properties": {"base": 0, "height": 804.2}, "geometry": {"type": "Polygon", "coordinates": [[[16.35364133107925, 48.180600648315], [16.353033282757146, 48.18079510914724], [16.352857445078932, 48.18055212029936], [16.35346549406805, 48.18035765946713], [16.35364133107925, 48.180600648315]]]}}, {"type": "Feature", "properties": {"base": 0, "height": 807.0}, "geometry": {"type": "Polygon", "coordinates": [[[16.353033282757146, 48.18079510914724], [16.352425229821925, 48.18098956677289], [16.3522493914767, 48.180746577925014], [16.352857445078932, 48.18055212029936], [16.353033282757146, 48.18079510914724]]]}}, {"type": "Feature", "properties": {"base": 0, "height": 809.7}, "geometry": {"type": "Polygon", "coordinates": [[[16.352425229821925, 48.18098956677289], [16.351817172273606, 48.181184021191875], [16.35164133326137, 48.18094103234399], [16.3522493914767, 48.180746577925014], [16.352425229821925, 48.18098956677289]]]}}, {"type": "Feature", "properties": {"base": 0, "height": 812.4}, "geometry": {"type": "Polygon", "coordinates": [[[16.351817172273606, 48.181184021191875], [16.35120911011221, 48.18137847240417], [16.351033270432968, 48.18113548355628], [16.35164133326137, 48.18094103234399], [16.351817172273606, 48.181184021191875]]]}}, {"type": "Feature", "properties": {"base": 0, "height": 815.1}, "geometry": {"type": "Polygon", "coordinates": [[[16.35120911011221, 48.18137847240417], [16.350601043337726, 48.181572920409735], [16.350425202991484, 48.18132993156184], [16.351033270432968, 48.18113548355628], [16.35120911011221, 48.18137847240417]]]}}, {"type": "Feature", "properties": {"base": 0, "height": 817.8}, "geometry": {"type": "Polygon", "coordinates": [[[16.350601043337726, 48.181572920409735], [16.34999297195017, 48.18176736520849], [16.34981713093693, 48.18152437636061], [16.350425202991484, 48.18132993156184], [16.350601043337726, 48.181572920409735]]]}}, {"type": "Feature", "properties": {"base": 0, "height": 820.5}, "geometry": {"type": "Polygon", "coordinates": [[[16.34999297195017, 48.18176736520849], [16.34938489594956, 48.181961806800416], [16.349209054269327, 48.181718817952536], [16.34981713093693, 48.18152437636061], [16.34999297195017, 48.18176736520849]]]}}, {"type": "Feature", "properties": {"base": 0, "height": 823.2}, "geometry": {"type": "Polygon", "coordinates": [[[16.34938489594956, 48.181961806800416], [16.348776815335896, 48.18215624518548], [16.348600972988677, 48.181913256337594], [16.349209054269327, 48.181718817952536], [16.34938489594956, 48.181961806800416]]]}}, {"type": "Feature", "properties": {"base": 0, "height": 825.9}, "geometry": {"type": "Polygon", "coordinates": [[[16.348776815335896, 48.18215624518548], [16.34816873010919, 48.18235068036361], [16.34799288709499, 48.18210769151572], [16.348600972988677, 48.181913256337594], [16.348776815335896, 48.18215624518548]]]}}, {"type": "Feature", "properties": {"base": 0, "height": 828.6}, "geometry": {"type": "Polygon", "coordinates": [[[16.34816873010919, 48.18235068036361], [16.347560640269457, 48.18254511233477], [16.34738479658827, 48.18230212348687], [16.34799288709499, 48.18210769151572], [16.34816873010919, 48.18235068036361]]]}}, {"type": "Feature", "properties": {"base": 0, "height": 831.3}, "geometry": {"type": "Polygon", "coordinates": [[[16.347560640269457, 48.18254511233477], [16.346952545816695, 48.182739541098904], [16.34677670146853, 48.18249655225102], [16.34738479658827, 48.18230212348687], [16.347560640269457, 48.18254511233477]]]}}, {"type": "Feature", "properties": {"base": 0, "height": 834.0}, "geometry": {"type": "Polygon", "coordinates": [[[16.346952545816695, 48.182739541098904], [16.346344446750926, 48.18293396665597], [16.346168601735787, 48.18269097780807], [16.34677670146853, 48.18249655225102], [16.346952545816695, 48.182739541098904]]]}}, {"type": "Feature", "properties": {"base": 0, "height": 836.7}, "geometry": {"type": "Polygon", "coordinates": [[[16.346344446750926, 48.18293396665597], [16.34573634307215, 48.18312838900594], [16.345560497390043, 48.18288540015804], [16.346168601735787, 48.18269097780807], [16.346344446750926, 48.18293396665597]]]}}, {"type": "Feature", "properties": {"base": 0, "height": 839.4}, "geometry": {"type": "Polygon", "coordinates": [[[16.34573634307215, 48.18312838900594], [16.345128234780386, 48.183322808148745], [16.34495238843131, 48.18307981930086], [16.345560497390043, 48.18288540015804], [16.34573634307215, 48.18312838900594]]]}}, {"type": "Feature", "properties": {"base": 0, "height": 842.2}, "geometry": {"type": "Polygon", "coordinates": [[[16.345128234780386, 48.183322808148745], [16.344520121875636, 48.183517224084355], [16.3443442748596, 48.18327423523646], [16.34495238843131, 48.18307981930086], [16.345128234780386, 48.183322808148745]]]}}, {"type": "Feature", "properties": {"base": 0, "height": 844.9}, "geometry": {"type": "Polygon", "coordinates": [[[16.344520121875636, 48.183517224084355], [16.34391200435791, 48.18371163681271], [16.343736156674918, 48.183468647964816], [16.3443442748596, 48.18327423523646], [16.344520121875636, 48.183517224084355]]]}}, {"type": "Feature", "properties": {"base": 0, "height": 847.6}, "geometry": {"type": "Polygon", "coordinates": [[[16.34391200435791, 48.18371163681271], [16.343303882227232, 48.18390604633376], [16.34312803387728, 48.18366305748587], [16.343736156674918, 48.183468647964816], [16.34391200435791, 48.18371163681271]]]}}, {"type": "Feature", "properties": {"base": 0, "height": 850.3}, "geometry": {"type": "Polygon", "coordinates": [[[16.343303882227232, 48.18390604633376], [16.342695755483582, 48.184100452647485], [16.342519906466684, 48.18385746379959], [16.34312803387728, 48.18366305748587], [16.343303882227232, 48.18390604633376]]]}}, {"type": "Feature", "properties": {"base": 0, "height": 853.0}, "geometry": {"type": "Polygon", "coordinates": [[[16.342695755483582, 48.184100452647485], [16.342087624127, 48.18429485575381], [16.34191177444315, 48.184051866905925], [16.342519906466684, 48.18385746379959], [16.342695755483582, 48.184100452647485]]]}}, {"type": "Feature", "properties": {"base": 0, "height": 855.7}, "geometry": {"type": "Polygon", "coordinates": [[[16.342087624127, 48.18429485575381], [16.34147948815747, 48.1844892556527], [16.341303637806686, 48.18424626680481], [16.34191177444315, 48.184051866905925], [16.342087624127, 48.18429485575381]]]}}, {"type": "Feature", "properties": {"base": 0, "height": 858.4}, "geometry": {"type": "Polygon", "coordinates": [[[16.34147948815747, 48.1844892556527], [16.34087134757502, 48.18468365234412], [16.3406954965573, 48.18444066349623], [16.341303637806686, 48.18424626680481], [16.34147948815747, 48.1844892556527]]]}}, {"type": "Feature", "properties": {"base": 0, "height": 861.1}, "geometry": {"type": "Polygon", "coordinates": [[[16.34087134757502, 48.18468365234412], [16.340263202379656, 48.184878045828], [16.340087350695, 48.18463505698012], [16.3406954965573, 48.18444066349623], [16.34087134757502, 48.18468365234412]]]}}, {"type": "Feature", "properties": {"base": 0, "height": 863.8}, "geometry": {"type": "Polygon", "coordinates": [[[16.340263202379656, 48.184878045828], [16.339655052571388, 48.18507243610432], [16.3394792002198, 48.18482944725642], [16.340087350695, 48.18463505698012], [16.340263202379656, 48.184878045828]]]}}, {"type": "Feature", "properties": {"base": 0, "height": 866.5}, "geometry": {"type": "Polygon", "coordinates": [[[16.339655052571388, 48.18507243610432], [16.339046898150215, 48.18526682317301], [16.3388710451317, 48.18502383432513], [16.3394792002198, 48.18482944725642], [16.339655052571388, 48.18507243610432]]]}}, {"type": "Feature", "properties": {"base": 0, "height": 869.2}, "geometry": {"type": "Polygon", "coordinates": [[[16.339046898150215, 48.18526682317301], [16.338438739116164, 48.18546120703404], [16.338262885430723, 48.185218218186144], [16.3388710451317, 48.18502383432513], [16.339046898150215, 48.18526682317301]]]}}, {"type": "Feature", "properties": {"base": 0, "height": 871.9}, "geometry": {"type": "Polygon", "coordinates": [[[16.338438739116164, 48.18546120703404], [16.33783057546923, 48.18565558768736], [16.337654721116873, 48.185412598839484], [16.338262885430723, 48.185218218186144], [16.338438739116164, 48.18546120703404]]]}}, {"type": "Feature", "properties": {"base": 0, "height": 874.7}, "geometry": {"type": "Polygon", "coordinates": [[[16.33783057546923, 48.18565558768736], [16.337222407209428, 48.1858499651329], [16.337046552190152, 48.185606976285015], [16.337654721116873, 48.185412598839484], [16.33783057546923, 48.18565558768736]]]}}, {"type": "Feature", "properties": {"base": 0, "height": 877.4}, "geometry": {"type": "Polygon", "coordinates": [[[16.337222407209428, 48.1858499651329], [16.336614234336764, 48.186044339370675], [16.33643837865058, 48.185801350522794], [16.337046552190152, 48.185606976285015], [16.337222407209428, 48.1858499651329]]]}}, {"type": "Feature", "properties": {"base": 0, "height": 880.1}, "geometry": {"type": "Polygon", "coordinates": [[[16.336614234336764, 48.186044339370675], [16.336006056851254, 48.18623871040059], [16.335830200498165, 48.18599572155269], [16.33643837865058, 48.185801350522794], [16.336614234336764, 48.186044339370675]]]}}, {"type": "Feature", "properties": {"base": 0, "height": 882.8}, "geometry": {"type": "Polygon", "coordinates": [[[16.336006056851254, 48.18623871040059], [16.33539787475291, 48.1864330782226], [16.335222017732917, 48.186190089374705], [16.335830200498165, 48.18599572155269], [16.336006056851254, 48.18623871040059]]]}}, {"type": "Feature", "properties": {"base": 0, "height": 885.5}, "geometry": {"type": "Polygon", "coordinates": [[[16.33539787475291, 48.1864330782226], [16.334789688041734, 48.18662744283667], [16.33461383035484, 48.18638445398879], [16.335222017732917, 48.186190089374705], [16.33539787475291, 48.1864330782226]]]}}, {"type": "Feature", "properties": {"base": 0, "height": 888.2}, "geometry": {"type": "Polygon", "coordinates": [[[16.334789688041734, 48.18662744283667], [16.334181496717736, 48.186821804242754], [16.334005638363944, 48.18657881539486], [16.33461383035484, 48.18638445398879], [16.334789688041734, 48.18662744283667]]]}}, {"type": "Feature", "properties": {"base": 0, "height": 890.9}, "geometry": {"type": "Polygon", "coordinates": [[[16.334181496717736, 48.186821804242754], [16.333573300780923, 48.18701616244078], [16.333397441760244, 48.1867731735929], [16.334005638363944, 48.18657881539486], [16.334181496717736, 48.186821804242754]]]}}, {"type": "Feature", "properties": {"base": 0, "height": 893.6}, "geometry": {"type": "Polygon", "coordinates": [[[16.333573300780923, 48.18701616244078], [16.332965100231323, 48.18721051743075], [16.332789240543757, 48.18696752858286], [16.333397441760244, 48.1867731735929], [16.333573300780923, 48.18701616244078]]]}}, {"type": "Feature", "properties": {"base": 0, "height": 896.3}, "geometry": {"type": "Polygon", "coordinates": [[[16.332965100231323, 48.18721051743075], [16.332356895068923, 48.187404869212585], [16.332181034714473, 48.1871618803647], [16.332789240543757, 48.18696752858286], [16.332965100231323, 48.18721051743075]]]}}, {"type": "Feature", "properties": {"base": 0, "height": 899.0}, "geometry": {"type": "Polygon", "coordinates": [[[16.332356895068923, 48.187404869212585], [16.33174868529374, 48.18759921778623], [16.331572824272413, 48.18735622893835], [16.332181034714473, 48.1871618803647], [16.332356895068923, 48.187404869212585]]]}}, {"type": "Feature", "properties": {"base": 0, "height": 901.7}, "geometry": {"type": "Polygon", "coordinates": [[[16.33174868529374, 48.18759921778623], [16.33114047090579, 48.187793563151715], [16.330964609217588, 48.187550574303806], [16.331572824272413, 48.18735622893835], [16.33174868529374, 48.18759921778623]]]}}, {"type": "Feature", "properties": {"base": 0, "height": 904.4}, "geometry": {"type": "Polygon", "coordinates": [[[16.33114047090579, 48.187793563151715], [16.330532251905073, 48.18798790530886], [16.330356389549998, 48.18774491646097], [16.330964609217588, 48.187550574303806], [16.33114047090579, 48.187793563151715]]]}}, {"type": "Feature", "properties": {"base": 0, "height": 907.1}, "geometry": {"type": "Polygon", "coordinates": [[[16.330532251905073, 48.18798790530886], [16.32992402829161, 48.188182244257725], [16.329748165269667, 48.18793925540983], [16.330356389549998, 48.18774491646097], [16.330532251905073, 48.18798790530886]]]}}, {"type": "Feature", "properties": {"base": 0, "height": 909.9}, "geometry": {"type": "Polygon", "coordinates": [[[16.32992402829161, 48.188182244257725], [16.3293158000654, 48.18837657999821], [16.329139936376595, 48.18813359115033], [16.329748165269667, 48.18793925540983], [16.32992402829161, 48.188182244257725]]]}}, {"type": "Feature", "properties": {"base": 0, "height": 912.6}, "geometry": {"type": "Polygon", "coordinates": [[[16.3293158000654, 48.18837657999821], [16.328707567226463, 48.188570912530324], [16.328531702870798, 48.18832792368243], [16.329139936376595, 48.18813359115033], [16.3293158000654, 48.18837657999821]]]}}, {"type": "Feature", "properties": {"base": 0, "height": 915.3}, "geometry": {"type": "Polygon", "coordinates": [[[16.328707567226463, 48.188570912530324], [16.328099329774798, 48.18876524185396], [16.327923464752278, 48.18852225300606], [16.328531702870798, 48.18832792368243], [16.328707567226463, 48.188570912530324]]]}}, {"type": "Feature", "properties": {"base": 0, "height": 918.0}, "geometry": {"type": "Polygon", "coordinates": [[[16.328099329774798, 48.18876524185396], [16.327491087710428, 48.18895956796911], [16.327315222021053, 48.18871657912122], [16.327923464752278, 48.18852225300606], [16.328099329774798, 48.18876524185396]]]}}, {"type": "Feature", "properties": {"base": 0, "height": 920.7}, "geometry": {"type": "Polygon", "coordinates": [[[16.327491087710428, 48.18895956796911], [16.326882841033342, 48.18915389087572], [16.32670697467712, 48.18891090202784], [16.327315222021053, 48.18871657912122], [16.327491087710428, 48.18895956796911]]]}}, {"type": "Feature", "properties": {"base": 0, "height": 923.4}, "geometry": {"type": "Polygon", "coordinates": [[[16.326882841033342, 48.18915389087572], [16.326274589743566, 48.18934821057374], [16.326098722720502, 48.18910522172586], [16.32670697467712, 48.18891090202784], [16.326882841033342, 48.18915389087572]]]}}, {"type": "Feature", "properties": {"base": 0, "height": 926.1}, "geometry": {"type": "Polygon", "coordinates": [[[16.326274589743566, 48.18934821057374], [16.325666333841113, 48.189542527063104], [16.325490466151205, 48.18929953821521], [16.326098722720502, 48.18910522172586], [16.326274589743566, 48.18934821057374]]]}}, {"type": "Feature", "properties": {"base": 0, "height": 928.8}, "geometry": {"type": "Polygon", "coordinates": [[[16.325666333841113, 48.189542527063104], [16.32505807332598, 48.189736840343805], [16.324882204969235, 48.18949385149591], [16.325490466151205, 48.18929953821521], [16.325666333841113, 48.189542527063104]]]}}, {"type": "Feature", "properties": {"base": 0, "height": 931.5}, "geometry": {"type": "Polygon", "coordinates": [[[16.32505807332598, 48.189736840343805], [16.32444980819818, 48.18993115041576], [16.324273939174606, 48.18968816156787], [16.324882204969235, 48.18949385149591], [16.32505807332598, 48.189736840343805]]]}}, {"type": "Feature", "properties": {"base": 0, "height": 934.2}, "geometry": {"type": "Polygon", "coordinates": [[[16.32444980819818, 48.18993115041576], [16.323841538457728, 48.19012545727896], [16.323665668767323, 48.18988246843108], [16.324273939174606, 48.18968816156787], [16.32444980819818, 48.18993115041576]]]}}, {"type": "Feature", "properties": {"base": 0, "height": 936.9}, "geometry": {"type": "Polygon", "coordinates": [[[16.323841538457728, 48.19012545727896], [16.32323326410463, 48.19031976093333], [16.3230573937474, 48.19007677208544], [16.323665668767323, 48.18988246843108], [16.323841538457728, 48.19012545727896]]]}}, {"type": "Feature", "properties": {"base": 0, "height": 939.6}, "geometry": {"type": "Polygon", "coordinates": [[[16.32323326410463, 48.19031976093333], [16.322624985138898, 48.19051406137885], [16.32244911411485, 48.19027107253096], [16.3230573937474, 48.19007677208544], [16.32323326410463, 48.19031976093333]]]}}, {"type": "Feature", "properties": {"base": 0, "height": 942.4}, "geometry": {"type": "Polygon", "coordinates": [[[16.322624985138898, 48.19051406137885], [16.322016701560532, 48.19070835861544], [16.321840829869668, 48.19046536976755], [16.32244911411485, 48.19027107253096], [16.322624985138898, 48.19051406137885]]]}}, {"type": "Feature", "properties": {"base": 0, "height": 945.1}, "geometry": {"type": "Polygon", "coordinates": [[[16.322016701560532, 48.19070835861544], [16.321408413369557, 48.190902652643054], [16.321232541011877, 48.19065966379517], [16.321840829869668, 48.19046536976755], [16.322016701560532, 48.19070835861544]]]}}, {"type": "Feature", "properties": {"base": 0, "height": 947.8}, "geometry": {"type": "Polygon", "coordinates": [[[16.321408413369557, 48.190902652643054], [16.320800120565973, 48.19109694346168], [16.320624247541488, 48.19085395461379], [16.321232541011877, 48.19065966379517], [16.321408413369557, 48.190902652643054]]]}}, {"type": "Feature", "properties": {"base": 0, "height": 950.5}, "geometry": {"type": "Polygon", "coordinates": [[[16.320800120565973, 48.19109694346168], [16.320191823149802, 48.19129123107126], [16.32001594945851, 48.191048242223374], [16.320624247541488, 48.19085395461379], [16.320800120565973, 48.19109694346168]]]}}, {"type": "Feature", "properties": {"base": 0, "height": 953.2}, "geometry": {"type": "Polygon", "coordinates": [[[16.320191823149802, 48.19129123107126], [16.319583521121032, 48.19148551547173], [16.31940764676294, 48.19124252662385], [16.32001594945851, 48.191048242223374], [16.320191823149802, 48.19129123107126]]]}}, {"type": "Feature", "properties": {"base": 0, "height": 955.9}, "geometry": {"type": "Polygon", "coordinates": [[[16.319583521121032, 48.19148551547173], [16.31897521447969, 48.19167979666305], [16.318799339454802, 48.19143680781517], [16.31940764676294, 48.19124252662385], [16.319583521121032, 48.19148551547173]]]}}, {"type": "Feature", "properties": {"base": 0, "height": 958.6}, "geometry": {"type": "Polygon", "coordinates": [[[16.31897521447969, 48.19167979666305], [16.31836690322577, 48.19187407464519], [16.31819102753409, 48.19163108579732], [16.318799339454802, 48.19143680781517], [16.31897521447969, 48.19167979666305]]]}}, {"type": "Feature", "properties": {"base": 0, "height": 961.3}, "geometry": {"type": "Polygon", "coordinates": [[[16.31836690322577, 48.19187407464519], [16.31775858735931, 48.1920683494181], [16.31758271100084, 48.19182536057021], [16.31819102753409, 48.19163108579732], [16.31836690322577, 48.19187407464519]]]}}, {"type": "Feature", "properties": {"base": 0, "height": 964.0}, "geometry": {"type": "Polygon", "coordinates": [[[16.31775858735931, 48.1920683494181], [16.31715026688029, 48.192262620981715], [16.31697438985503, 48.192019632133835], [16.31758271100084, 48.19182536057021], [16.31775858735931, 48.1920683494181]]]}}, {"type": "Feature", "properties": {"base": 0, "height": 966.7}, "geometry": {"type": "Polygon", "coordinates": [[[16.31715026688029, 48.192262620981715], [16.31654194178873, 48.192456889336], [16.316366064096695, 48.19221390048811], [16.31697438985503, 48.192019632133835], [16.31715026688029, 48.192262620981715]]]}}, {"type": "Feature", "properties": {"base": 0, "height": 969.4}, "geometry": {"type": "Polygon", "coordinates": [[[16.31654194178873, 48.192456889336], [16.31593361208465, 48.19265115448092], [16.315757733725835, 48.19240816563303], [16.316366064096695, 48.19221390048811], [16.31654194178873, 48.192456889336]]]}}, {"type": "Feature", "properties": {"base": 0, "height": 972.1}, "geometry": {"type": "Polygon", "coordinates": [[[16.31593361208465, 48.19265115448092], [16.315325277768046, 48.192845416416404], [16.31514939874246, 48.1926024275685], [16.315757733725835, 48.19240816563303], [16.31593361208465, 48.19265115448092]]]}}, {"type": "Feature", "properties": {"base": 0, "height": 974.8}, "geometry": {"type": "Polygon", "coordinates": [[[16.315325277768046, 48.192845416416404], [16.31471693883893, 48.19303967514243], [16.314541059146574, 48.19279668629454], [16.31514939874246, 48.1926024275685], [16.315325277768046, 48.192845416416404]]]}}, {"type": "Feature", "properties": {"base": 0, "height": 977.6}, "geometry": {"type": "Polygon", "coordinates": [[[16.31471693883893, 48.19303967514243], [16.31410859529732, 48.193233930658934], [16.313932714938193, 48.19299094181104], [16.314541059146574, 48.19279668629454], [16.31471693883893, 48.19303967514243]]]}}, {"type": "Feature", "properties": {"base": 0, "height": 980.3}, "geometry": {"type": "Polygon", "coordinates": [[[16.31410859529732, 48.193233930658934], [16.31350024714322, 48.193428182965874], [16.31332436611734, 48.19318519411799], [16.313932714938193, 48.19299094181104], [16.31410859529732, 48.193233930658934]]]}}, {"type": "Feature", "properties": {"base": 0, "height": 983.0}, "geometry": {"type": "Polygon", "coordinates": [[[16.31350024714322, 48.193428182965874], [16.312891894376637, 48.19362243206321], [16.312716012684, 48.19337944321533], [16.31332436611734, 48.19318519411799], [16.31350024714322, 48.193428182965874]]]}}, {"type": "Feature", "properties": {"base": 0, "height": 985.7}, "geometry": {"type": "Polygon", "coordinates": [[[16.312891894376637, 48.19362243206321], [16.312283536997587, 48.1938166779509], [16.31210765463819, 48.19357368910302], [16.312716012684, 48.19337944321533], [16.312891894376637, 48.19362243206321]]]}}, {"type": "Feature", "properties": {"base": 0, "height": 988.4}, "geometry": {"type": "Polygon", "coordinates": [[[16.312283536997587, 48.1938166779509], [16.311675175006076, 48.1940109206289], [16.31149929197993, 48.193767931781], [16.31210765463819, 48.19357368910302], [16.312283536997587, 48.1938166779509]]]}}, {"type": "Feature", "properties": {"base": 0, "height": 991.1}, "geometry": {"type": "Polygon", "coordinates": [[[16.311675175006076, 48.1940109206289], [16.311066808402117, 48.194205160097134], [16.310890924709227, 48.19396217124924], [16.31149929197993, 48.193767931781], [16.311675175006076, 48.1940109206289]]]}}, {"type": "Feature", "properties": {"base": 0, "height": 993.8}, "geometry": {"type": "Polygon", "coordinates": [[[16.311066808402117, 48.194205160097134], [16.310458437185712, 48.194399396355585], [16.310282552826077, 48.194156407507684], [16.310890924709227, 48.19396217124924], [16.311066808402117, 48.194205160097134]]]}}, {"type": "Feature", "properties": {"base": 0, "height": 996.5}, "geometry": {"type": "Polygon", "coordinates": [[[16.310458437185712, 48.194399396355585], [16.309850061356876, 48.19459362940419], [16.309674176330507, 48.1943506405563], [16.310282552826077, 48.194156407507684], [16.310458437185712, 48.194399396355585]]]}}, {"type": "Feature", "properties": {"base": 0, "height": 999.2}, "geometry": {"type": "Polygon", "coordinates": [[[16.309850061356876, 48.19459362940419], [16.309241680915626, 48.19478785924291], [16.309065795222523, 48.19454487039503], [16.309674176330507, 48.1943506405563], [16.309850061356876, 48.19459362940419]]]}}, {"type": "Feature", "properties": {"base": 0, "height": 1001.9}, "geometry": {"type": "Polygon", "coordinates": [[[16.309241680915626, 48.19478785924291], [16.308633295861956, 48.1949820858717], [16.30845740950212, 48.19473909702381], [16.309065795222523, 48.19454487039503], [16.309241680915626, 48.19478785924291]]]}}, {"type": "Feature", "properties": {"base": 0, "height": 1004.6}, "geometry": {"type": "Polygon", "coordinates": [[[16.308633295861956, 48.1949820858717], [16.30802490619589, 48.19517630929052], [16.307849019169332, 48.19493332044263], [16.30845740950212, 48.19473909702381], [16.308633295861956, 48.1949820858717]]]}}, {"type": "Feature", "properties": {"base": 0, "height": 1007.3}, "geometry": {"type": "Polygon", "coordinates": [[[16.30802490619589, 48.19517630929052], [16.307416511917435, 48.195370529499314], [16.30724062422415, 48.19512754065143], [16.307849019169332, 48.19493332044263], [16.30802490619589, 48.19517630929052]]]}}, {"type": "Feature", "properties": {"base": 0, "height": 1010.0}, "geometry": {"type": "Polygon", "coordinates": [[[16.307416511917435, 48.195370529499314], [16.30680811302659, 48.19556474649806], [16.306632224666593, 48.19532175765016], [16.30724062422415, 48.19512754065143], [16.307416511917435, 48.195370529499314]]]}}, {"type": "Feature", "properties": {"base": 0, "height": 1012.8}, "geometry": {"type": "Polygon", "coordinates": [[[16.30680811302659, 48.19556474649806], [16.30619970952338, 48.195758960286646], [16.306023820496662, 48.19551597143875], [16.306632224666593, 48.19532175765016], [16.30680811302659, 48.19556474649806]]]}}, {"type": "Feature", "properties": {"base": 0, "height": 1015.5}, "geometry": {"type": "Polygon", "coordinates": [[[16.30619970952338, 48.195758960286646], [16.305591301407805, 48.195953170865096], [16.30541541171438, 48.19571018201721], [16.306023820496662, 48.19551597143875], [16.30619970952338, 48.195758960286646]]]}}, {"type": "Feature", "properties": {"base": 0, "height": 1018.2}, "geometry": {"type": "Polygon", "coordinates": [[[16.305591301407805, 48.195953170865096], [16.30498288867987, 48.196147378233334], [16.30480699831974, 48.19590438938544], [16.30541541171438, 48.19571018201721], [16.305591301407805, 48.195953170865096]]]}}, {"type": "Feature", "properties": {"base": 0, "height": 1020.9}, "geometry": {"type": "Polygon", "coordinates": [[[16.30498288867987, 48.196147378233334], [16.304374471339603, 48.196341582391305], [16.30419858031277, 48.19609859354342], [16.30480699831974, 48.19590438938544], [16.30498288867987, 48.196147378233334]]]}}, {"type": "Feature", "properties": {"base": 0, "height": 1023.6}, "geometry": {"type": "Polygon", "coordinates": [[[16.304374471339603, 48.196341582391305], [16.303766049387, 48.19653578333901], [16.30359015769347, 48.196292794491114], [16.30419858031277, 48.19609859354342], [16.304374471339603, 48.196341582391305]]]}}, {"type": "Feature", "properties": {"base": 0, "height": 1026.3}, "geometry": {"type": "Polygon", "coordinates": [[[16.303766049387, 48.19653578333901], [16.303157622822074, 48.19672998107634], [16.302981730461845, 48.196486992228444], [16.30359015769347, 48.196292794491114], [16.303766049387, 48.19653578333901]]]}}, {"type": "Feature", "properties": {"base": 0, "height": 1029.0}, "geometry": {"type": "Polygon", "coordinates": [[[16.303157622822074, 48.19672998107634], [16.302549191644836, 48.19692417560328], [16.30237329861792, 48.19668118675539], [16.302981730461845, 48.196486992228444], [16.303157622822074, 48.19672998107634]]]}}, {"type": "Feature", "properties": {"base": 0, "height": 1031.7}, "geometry": {"type": "Polygon", "coordinates": [[[16.302549191644836, 48.19692417560328], [16.301940755855288, 48.19711836691979], [16.301764862161686, 48.196875378071894], [16.30237329861792, 48.19668118675539], [16.302549191644836, 48.19692417560328]]]}}, {"type": "Feature", "properties": {"base": 0, "height": 1034.4}, "geometry": {"type": "Polygon", "coordinates": [[[16.301940755855288, 48.19711836691979], [16.301332315453454, 48.19731255502582], [16.301156421093168, 48.19706956617794], [16.301764862161686, 48.196875378071894], [16.301940755855288, 48.19711836691979]]]}}, {"type": "Feature", "properties": {"base": 0, "height": 1037.1}, "geometry": {"type": "Polygon", "coordinates": [[[16.301332315453454, 48.19731255502582], [16.300723870439338, 48.197506739921295], [16.300547975412375, 48.19726375107342], [16.301156421093168, 48.19706956617794], [16.301332315453454, 48.19731255502582]]]}}, {"type": "Feature", "properties": {"base": 0, "height": 1039.8}, "geometry": {"type": "Polygon", "coordinates": [[[16.300723870439338, 48.197506739921295], [16.30011542081294, 48.1977009216062], [16.299939525119303, 48.197457932758326], [16.300547975412375, 48.19726375107342], [16.300723870439338, 48.197506739921295]]]}}, {"type": "Feature", "properties": {"base": 0, "height": 1042.5}, "geometry": {"type": "Polygon", "coordinates": [[[16.30011542081294, 48.1977009216062], [16.29950696657428, 48.19789510008048], [16.29933107021397, 48.19765211123259], [16.299939525119303, 48.197457932758326], [16.30011542081294, 48.1977009216062]]]}}, {"type": "Feature", "properties": {"base": 0, "height": 1045.3}, "geometry": {"type": "Polygon", "coordinates": [[[16.29950696657428, 48.19789510008048], [16.29889850772337, 48.1980892753441], [16.29872261069639, 48.197846286496215], [16.29933107021397, 48.19765211123259], [16.29950696657428, 48.19789510008048]]]}}, {"type": "Feature", "properties": {"base": 0, "height": 1048.0}, "geometry": {"type": "Polygon", "coordinates": [[[16.29889850772337, 48.1980892753441], [16.29829004426021, 48.198283447397], [16.298114146566572, 48.19804045854911], [16.29872261069639, 48.197846286496215], [16.29889850772337, 48.1980892753441]]]}}, {"type": "Feature", "properties": {"base": 0, "height": 1050.7}, "geometry": {"type": "Polygon", "coordinates": [[[16.29829004426021, 48.198283447397], [16.297681576184814, 48.19847761623914], [16.297505677824518, 48.198234627391244], [16.298114146566572, 48.19804045854911], [16.29829004426021, 48.198283447397]]]}}, {"type": "Feature", "properties": {"base": 0, "height": 1053.4}, "geometry": {"type": "Polygon", "coordinates": [[[16.297681576184814, 48.19847761623914], [16.2970731034972, 48.198671781870466], [16.296897204470245, 48.198428793022586], [16.297505677824518, 48.198234627391244], [16.297681576184814, 48.19847761623914]]]}}, {"type": "Feature", "properties": {"base": 0, "height": 1056.1}, "geometry": {"type": "Polygon", "coordinates": [[[16.2970731034972, 48.198671781870466], [16.296464626197366, 48.19886594429092], [16.296288726503764, 48.198622955443035], [16.296897204470245, 48.198428793022586], [16.2970731034972, 48.198671781870466]]]}}, {"type": "Feature", "properties": {"base": 0, "height": 1058.8}, "geometry": {"type": "Polygon", "coordinates": [[[16.296464626197366, 48.19886594429092], [16.295856144285327, 48.19906010350048], [16.295680243925077, 48.198817114652606], [16.296288726503764, 48.198622955443035], [16.296464626197366, 48.19886594429092]]]}}, {"type": "Feature", "properties": {"base": 0, "height": 1061.5}, "geometry": {"type": "Polygon", "coordinates": [[[16.295856144285327, 48.19906010350048], [16.295247657761095, 48.199254259499114], [16.295071756734202, 48.199011270651226], [16.295680243925077, 48.198817114652606], [16.295856144285327, 48.19906010350048]]]}}, {"type": "Feature", "properties": {"base": 0, "height": 1064.2}, "geometry": {"type": "Polygon", "coordinates": [[[16.295247657761095, 48.199254259499114], [16.294639166624684, 48.19944841228674], [16.294463264931153, 48.199205423438855], [16.295071756734202, 48.199011270651226], [16.295247657761095, 48.199254259499114]]]}}, {"type": "Feature", "properties": {"base": 0, "height": 1066.9}, "geometry": {"type": "Polygon", "coordinates": [[[16.294639166624684, 48.19944841228674], [16.294030670876094, 48.19964256186332], [16.293854768515928, 48.19939957301543], [16.294463264931153, 48.199205423438855], [16.294639166624684, 48.19944841228674]]]}}, {"type": "Feature", "properties": {"base": 0, "height": 1069.6}, "geometry": {"type": "Polygon", "coordinates": [[[16.294030670876094, 48.19964256186332], [16.293422170515335, 48.19983670822884], [16.29324626748853, 48.19959371938094], [16.293854768515928, 48.19939957301543], [16.294030670876094, 48.19964256186332]]]}}, {"type": "Feature", "properties": {"base": 0, "height": 1072.3}, "geometry": {"type": "Polygon", "coordinates": [[[16.293422170515335, 48.19983670822884], [16.29281366554242, 48.2000308513832], [16.292637761848994, 48.19978786253532], [16.29324626748853, 48.19959371938094], [16.293422170515335, 48.19983670822884]]]}}, {"type": "Feature", "properties": {"base": 0, "height": 1075.0}, "geometry": {"type": "Polygon", "coordinates": [[[16.29281366554242, 48.2000308513832], [16.292205155957355, 48.20022499132639], [16.292029251597306, 48.19998200247849], [16.292637761848994, 48.19978786253532], [16.29281366554242, 48.2000308513832]]]}}, {"type": "Feature", "properties": {"base": 0, "height": 1077.7}, "geometry": {"type": "Polygon", "coordinates": [[[16.292205155957355, 48.20022499132639], [16.291596641760165, 48.20041912805835], [16.291420736733496, 48.20017613921045], [16.292029251597306, 48.19998200247849], [16.292205155957355, 48.20022499132639]]]}}, {"type": "Feature", "properties": {"base": 0, "height": 1080.5}, "geometry": {"type": "Polygon", "coordinates": [[[16.291596641760165, 48.20041912805835], [16.290988122950843, 48.20061326157903], [16.29081221725756, 48.20037027273114], [16.291420736733496, 48.20017613921045], [16.291596641760165, 48.20041912805835]]]}}, {"type": "Feature", "properties": {"base": 0, "height": 1083.2}, "geometry": {"type": "Polygon", "coordinates": [[[16.290988122950843, 48.20061326157903], [16.290379599529405, 48.200807391888404], [16.290203693169513, 48.200564403040524], [16.29081221725756, 48.20037027273114], [16.290988122950843, 48.20061326157903]]]}}, {"type": "Feature", "properties": {"base": 0, "height": 1085.9}, "geometry": {"type": "Polygon", "coordinates": [[[16.290379599529405, 48.200807391888404], [16.28977107149587, 48.20100151898641], [16.289595164469365, 48.20075853013853], [16.290203693169513, 48.200564403040524], [16.290379599529405, 48.200807391888404]]]}}, {"type": "Feature", "properties": {"base": 0, "height": 1088.6}, "geometry": {"type": "Polygon", "coordinates": [[[16.28977107149587, 48.20100151898641], [16.289162538850224, 48.201195642873], [16.28898663115712, 48.20095265402512], [16.289595164469365, 48.20075853013853], [16.28977107149587, 48.20100151898641]]]}}, {"type": "Feature", "properties": {"base": 0, "height": 1091.3}, "geometry": {"type": "Polygon", "coordinates": [[[16.289162538850224, 48.201195642873], [16.288554001592495, 48.20138976354815], [16.28837809323279, 48.20114677470027], [16.28898663115712, 48.20095265402512], [16.289162538850224, 48.201195642873]]]}}, {"type": "Feature", "properties": {"base": 0, "height": 1094.0}, "geometry": {"type": "Polygon", "coordinates": [[[16.288554001592495, 48.20138976354815], [16.287945459722696, 48.20158388101179], [16.28776955069639, 48.201340892163905], [16.28837809323279, 48.20114677470027], [16.288554001592495, 48.20138976354815]]]}}, {"type": "Feature", "properties": {"base": 0, "height": 1096.7}, "geometry": {"type": "Polygon", "coordinates": [[[16.287945459722696, 48.20158388101179], [16.28733691324082, 48.2017779952639], [16.287161003547926, 48.201535006416], [16.28776955069639, 48.201340892163905], [16.287945459722696, 48.20158388101179]]]}}, {"type": "Feature", "properties": {"base": 0, "height": 1099.4}, "geometry": {"type": "Polygon", "coordinates": [[[16.28733691324082, 48.2017779952639], [16.2867283621469, 48.20197210630439], [16.28655245178742, 48.201729117456495], [16.287161003547926, 48.201535006416], [16.28733691324082, 48.2017779952639]]]}}, {"type": "Feature", "properties": {"base": 0, "height": 1102.1}, "geometry": {"type": "Polygon", "coordinates": [[[16.2867283621469, 48.20197210630439], [16.286119806440926, 48.20216621413323], [16.285943895414864, 48.201923225285334], [16.28655245178742, 48.201729117456495], [16.2867283621469, 48.20197210630439]]]}}, {"type": "Feature", "properties": {"base": 0, "height": 1104.8}, "geometry": {"type": "Polygon", "coordinates": [[[16.286119806440926, 48.20216621413323], [16.285511246122912, 48.20236031875039], [16.28533533443027, 48.2021173299025], [16.285943895414864, 48.201923225285334], [16.286119806440926, 48.20216621413323]]]}}, {"type": "Feature", "properties": {"base": 0, "height": 1107.5}, "geometry": {"type": "Polygon", "coordinates": [[[16.285511246122912, 48.20236031875039], [16.284902681192882, 48.20255442015581], [16.284726768833657, 48.20231143130794], [16.28533533443027, 48.2021173299025], [16.285511246122912, 48.20236031875039]]]}}, {"type": "Feature", "properties": {"base": 0, "height": 1110.2}, "geometry": {"type": "Polygon", "coordinates": [[[16.284902681192882, 48.20255442015581], [16.284294111650823, 48.20274851834946], [16.284118198625027, 48.20250552950158], [16.284726768833657, 48.20231143130794], [16.284902681192882, 48.20255442015581]]]}}, {"type": "Feature", "properties": {"base": 0, "height": 1112.9}, "geometry": {"type": "Polygon", "coordinates": [[[16.284294111650823, 48.20274851834946], [16.283685537496762, 48.20294261333131], [16.2835096238044, 48.20269962448342], [16.284118198625027, 48.20250552950158], [16.284294111650823, 48.20274851834946]]]}}, {"type": "Feature", "properties": {"base": 0, "height": 1115.7}, "geometry": {"type": "Polygon", "coordinates": [[[16.283685537496762, 48.20294261333131], [16.283076958730703, 48.20313670510125], [16.282901044371776, 48.20289371625335], [16.2835096238044, 48.20269962448342], [16.283685537496762, 48.20294261333131]]]}}, {"type": "Feature", "properties": {"base": 0, "height": 1118.4}, "geometry": {"type": "Polygon", "coordinates": [[[16.283076958730703, 48.20313670510125], [16.282468375352657, 48.20333079365929], [16.282292460327174, 48.20308780481141], [16.282901044371776, 48.20289371625335], [16.283076958730703, 48.20313670510125]]]}}, {"type": "Feature", "properties": {"base": 0, "height": 1121.1}, "geometry": {"type": "Polygon", "coordinates": [[[16.282468375352657, 48.20333079365929], [16.28185978736263, 48.20352487900536], [16.28168387167059, 48.20328189015746], [16.282292460327174, 48.20308780481141], [16.282468375352657, 48.20333079365929]]]}}, {"type": "Feature", "properties": {"base": 0, "height": 1123.8}, "geometry": {"type": "Polygon", "coordinates": [[[16.28185978736263, 48.20352487900536], [16.28125119476064, 48.203718961139415], [16.281075278402046, 48.20347597229153], [16.28168387167059, 48.20328189015746], [16.28185978736263, 48.20352487900536]]]}}, {"type": "Feature", "properties": {"base": 0, "height": 1126.5}, "geometry": {"type": "Polygon", "coordinates": [[[16.28125119476064, 48.203718961139415], [16.280642597546695, 48.203913040061416], [16.280466680521553, 48.20367005121354], [16.281075278402046, 48.20347597229153], [16.28125119476064, 48.203718961139415]]]}}, {"type": "Feature", "properties": {"base": 0, "height": 1129.2}, "geometry": {"type": "Polygon", "coordinates": [[[16.280642597546695, 48.203913040061416], [16.280033995720796, 48.2041071157713], [16.279858078029108, 48.203864126923406], [16.280466680521553, 48.20367005121354], [16.280642597546695, 48.203913040061416]]]}}, {"type": "Feature", "properties": {"base": 0, "height": 1131.9}, "geometry": {"type": "Polygon", "coordinates": [[[16.280033995720796, 48.2041071157713], [16.279425389282967, 48.204301188269056], [16.27924947092474, 48.20405819942117], [16.279858078029108, 48.203864126923406], [16.280033995720796, 48.2041071157713]]]}}, {"type": "Feature", "properties": {"base": 0, "height": 1134.6}, "geometry": {"type": "Polygon", "coordinates": [[[16.279425389282967, 48.204301188269056], [16.278816778233203, 48.20449525755458], [16.278640859208437, 48.20425226870671], [16.27924947092474, 48.20405819942117], [16.279425389282967, 48.204301188269056]]]}}, {"type": "Feature", "properties": {"base": 0, "height": 1137.3}, "geometry": {"type": "Polygon", "coordinates": [[[16.278816778233203, 48.20449525755458], [16.27820816257152, 48.2046893236279], [16.278032242880226, 48.20444633478001], [16.278640859208437, 48.20425226870671], [16.278816778233203, 48.20449525755458]]]}}, {"type": "Feature", "properties": {"base": 0, "height": 1140.0}, "geometry": {"type": "Polygon", "coordinates": [[[16.27820816257152, 48.2046893236279], [16.277599542297935, 48.20488338648892], [16.277423621940112, 48.20464039764103], [16.278032242880226, 48.20444633478001], [16.27820816257152, 48.2046893236279]]]}}, {"type": "Feature", "properties": {"base": 0, "height": 1142.7}, "geometry": {"type": "Polygon", "coordinates": [[[16.277599542297935, 48.20488338648892], [16.276990917412448, 48.205077446137615], [16.2768149963881, 48.20483445728973], [16.277423621940112, 48.20464039764103], [16.277599542297935, 48.20488338648892]]]}}, {"type": "Feature", "properties": {"base": 0, "height": 1145.4}, "geometry": {"type": "Polygon", "coordinates": [[[16.276990917412448, 48.205077446137615], [16.276382287915073, 48.205271502573915], [16.276206366224205, 48.20502851372602], [16.2768149963881, 48.20483445728973], [16.276990917412448, 48.205077446137615]]]}}, {"type": "Feature", "properties": {"base": 0, "height": 1148.2}, "geometry": {"type": "Polygon", "coordinates": [[[16.276382287915073, 48.205271502573915], [16.27577365380582, 48.205465555797794], [16.27559773144844, 48.2052225669499], [16.276206366224205, 48.20502851372602], [16.276382287915073, 48.205271502573915]]]}}, {"type": "Feature", "properties": {"base": 0, "height": 1150.9}, "geometry": {"type": "Polygon", "coordinates": [[[16.27577365380582, 48.205465555797794], [16.275165015084706, 48.20565960580919], [16.274989092060807, 48.205416616961294], [16.27559773144844, 48.2052225669499], [16.27577365380582, 48.205465555797794]]]}}, {"type": "Feature", "properties": {"base": 0, "height": 1153.6}, "geometry": {"type": "Polygon", "coordinates": [[[16.275165015084706, 48.20565960580919], [16.27455637175172, 48.205853652608056], [16.27438044806132, 48.20561066376017], [16.274989092060807, 48.205416616961294], [16.275165015084706, 48.20565960580919]]]}}, {"type": "Feature", "properties": {"base": 0, "height": 1156.3}, "geometry": {"type": "Polygon", "coordinates": [[[16.27455637175172, 48.205853652608056], [16.273947723806906, 48.20604769619436], [16.27377179945, 48.20580470734649], [16.27438044806132, 48.20561066376017], [16.27455637175172, 48.205853652608056]]]}}, {"type": "Feature", "properties": {"base": 0, "height": 1159.0}, "geometry": {"type": "Polygon", "coordinates": [[[16.273947723806906, 48.20604769619436], [16.27333907125024, 48.20624173656806], [16.273163146226832, 48.205998747720166], [16.27377179945, 48.20580470734649], [16.273947723806906, 48.20604769619436]]]}}, {"type": "Feature", "properties": {"base": 0, "height": 1161.7}, "geometry": {"type": "Polygon", "coordinates": [[[16.27333907125024, 48.20624173656806], [16.272730414081753, 48.206435773729126], [16.272554488391844, 48.20619278488123], [16.273163146226832, 48.205998747720166], [16.27333907125024, 48.20624173656806]]]}}, {"type": "Feature", "properties": {"base": 0, "height": 1164.4}, "geometry": {"type": "Polygon", "coordinates": [[[16.272730414081753, 48.206435773729126], [16.272121752301434, 48.206629807677444], [16.27194582594504, 48.20638681882955], [16.272554488391844, 48.20619278488123], [16.272730414081753, 48.206435773729126]]]}}, {"type": "Feature", "properties": {"base": 0, "height": 1167.1}, "geometry": {"type": "Polygon", "coordinates": [[[16.272121752301434, 48.206629807677444], [16.27151308590932, 48.20682383841303], [16.271337158886432, 48.20658084956516], [16.27194582594504, 48.20638681882955], [16.272121752301434, 48.206629807677444]]]}}, {"type": "Feature", "properties": {"base": 0, "height": 1169.8}, "geometry": {"type": "Polygon", "coordinates": [[[16.27151308590932, 48.20682383841303], [16.270904414905402, 48.20701786593582], [16.270728487216033, 48.206774877087945], [16.271337158886432, 48.20658084956516], [16.27151308590932, 48.20682383841303]]]}}, {"type": "Feature", "properties": {"base": 0, "height": 1172.5}, "geometry": {"type": "Polygon", "coordinates": [[[16.270904414905402, 48.20701786593582], [16.2702957392897, 48.207211890245766], [16.27011981093385, 48.206968901397886], [16.270728487216033, 48.206774877087945], [16.270904414905402, 48.20701786593582]]]}}, {"type": "Feature", "properties": {"base": 0, "height": 1175.2}, "geometry": {"type": "Polygon", "coordinates": [[[16.2702957392897, 48.207211890245766], [16.269687059062218, 48.20740591134284], [16.269511130039888, 48.207162922494945], [16.27011981093385, 48.206968901397886], [16.2702957392897, 48.207211890245766]]]}}, {"type": "Feature", "properties": {"base": 0, "height": 1177.9}, "geometry": {"type": "Polygon", "coordinates": [[[16.269687059062218, 48.20740591134284], [16.269078374222968, 48.207599929226944], [16.268902444534163, 48.20735694037906], [16.269511130039888, 48.207162922494945], [16.269687059062218, 48.20740591134284]]]}}, {"type": "Feature", "properties": {"base": 0, "height": 1180.6}, "geometry": {"type": "Polygon", "coordinates": [[[16.269078374222968, 48.207599929226944], [16.268469684771958, 48.207793943898096], [16.26829375441669, 48.2075509550502], [16.268902444534163, 48.20735694037906], [16.269078374222968, 48.207599929226944]]]}}, {"type": "Feature", "properties": {"base": 0, "height": 1183.4}, "geometry": {"type": "Polygon", "coordinates": [[[16.268469684771958, 48.207793943898096], [16.267860990709206, 48.2079879553562], [16.267685059687473, 48.207744966508315], [16.26829375441669, 48.2075509550502], [16.268469684771958, 48.207793943898096]]]}}, {"type": "Feature", "properties": {"base": 0, "height": 1186.1}, "geometry": {"type": "Polygon", "coordinates": [[[16.267860990709206, 48.2079879553562], [16.267252292034705, 48.20818196360122], [16.267076360346508, 48.20793897475334], [16.267685059687473, 48.207744966508315], [16.267860990709206, 48.2079879553562]]]}}, {"type": "Feature", "properties": {"base": 0, "height": 1188.8}, "geometry": {"type": "Polygon", "coordinates": [[[16.267252292034705, 48.20818196360122], [16.266643588748483, 48.208375968633135], [16.266467656393832, 48.20813297978525], [16.267076360346508, 48.20793897475334], [16.267252292034705, 48.20818196360122]]]}}, {"type": "Feature", "properties": {"base": 0, "height": 1191.5}, "geometry": {"type": "Polygon", "coordinates": [[[16.266643588748483, 48.208375968633135], [16.266034880850544, 48.20856997045188], [16.265858947829436, 48.20832698160399], [16.266467656393832, 48.20813297978525], [16.266643588748483, 48.208375968633135]]]}}, {"type": "Feature", "properties": {"base": 0, "height": 1194.2}, "geometry": {"type": "Polygon", "coordinates": [[[16.266034880850544, 48.20856997045188], [16.2654261683409, 48.20876396905741], [16.265250234653344, 48.20852098020953], [16.265858947829436, 48.20832698160399], [16.266034880850544, 48.20856997045188]]]}}, {"type": "Feature", "properties": {"base": 0, "height": 1196.9}, "geometry": {"type": "Polygon", "coordinates": [[[16.2654261683409, 48.20876396905741], [16.26481745121955, 48.20895796444968], [16.264641516865552, 48.2087149756018], [16.265250234653344, 48.20852098020953], [16.2654261683409, 48.20876396905741]]]}}, {"type": "Feature", "properties": {"base": 0, "height": 1199.6}, "geometry": {"type": "Polygon", "coordinates": [[[16.26481745121955, 48.20895796444968], [16.26420872948652, 48.209151956628645], [16.264032794466075, 48.208908967780765], [16.264641516865552, 48.2087149756018], [16.26481745121955, 48.20895796444968]]]}}, {"type": "Feature", "properties": {"base": 0, "height": 1202.3}, "geometry": {"type": "Polygon", "coordinates": [[[16.26420872948652, 48.209151956628645], [16.2636000031418, 48.20934594559425], [16.263424067454924, 48.20910295674637], [16.264032794466075, 48.208908967780765], [16.26420872948652, 48.209151956628645]]]}}, {"type": "Feature", "properties": {"base": 0, "height": 1205.0}, "geometry": {"type": "Polygon", "coordinates": [[[16.2636000031418, 48.20934594559425], [16.26299127218542, 48.20953993134645], [16.262815335832112, 48.20929694249856], [16.263424067454924, 48.20910295674637], [16.2636000031418, 48.20934594559425]]]}}, {"type": "Feature", "properties": {"base": 0, "height": 1207.7}, "geometry": {"type": "Polygon", "coordinates": [[[16.26299127218542, 48.20953993134645], [16.26238253661738, 48.20973391388525], [16.26220659959764, 48.20949092503736], [16.262815335832112, 48.20929694249856], [16.26299127218542, 48.20953993134645]]]}}, {"type": "Feature", "properties": {"base": 0, "height": 1210.4}, "geometry": {"type": "Polygon", "coordinates": [[[16.26238253661738, 48.20973391388525], [16.26177379643769, 48.20992789321051], [16.261597858751525, 48.20968490436262], [16.26220659959764, 48.20949092503736], [16.26238253661738, 48.20973391388525]]]}}, {"type": "Feature", "properties": {"base": 0, "height": 1213.1}, "geometry": {"type": "Polygon", "coordinates": [[[16.26177379643769, 48.20992789321051], [16.26116505164637, 48.21012186932224], [16.260989113293785, 48.20987888047437], [16.261597858751525, 48.20968490436262], [16.26177379643769, 48.20992789321051]]]}}, {"type": "Feature", "properties": {"base": 0, "height": 1215.8}, "geometry": {"type": "Polygon", "coordinates": [[[16.26116505164637, 48.21012186932224], [16.260556302243415, 48.21031584222042], [16.260380363224414, 48.21007285337252], [16.260989113293785, 48.20987888047437], [16.26116505164637, 48.21012186932224]]]}}, {"type": "Feature", "properties": {"base": 0, "height": 1218.6}, "geometry": {"type": "Polygon", "coordinates": [[[16.260556302243415, 48.21031584222042], [16.259947548228844, 48.21050981190494], [16.259771608543428, 48.21026682305705], [16.260380363224414, 48.21007285337252], [16.260556302243415, 48.21031584222042]]]}}, {"type": "Feature", "properties": {"base": 0, "height": 1221.3}, "geometry": {"type": "Polygon", "coordinates": [[[16.259947548228844, 48.21050981190494], [16.259338789602673, 48.21070377837579], [16.259162849250846, 48.2104607895279], [16.259771608543428, 48.21026682305705], [16.259947548228844, 48.21050981190494]]]}}, {"type": "Feature", "properties": {"base": 0, "height": 1224.0}, "geometry": {"type": "Polygon", "coordinates": [[[16.259338789602673, 48.21070377837579], [16.258730026364894, 48.21089774163292], [16.258554085346663, 48.21065475278504], [16.259162849250846, 48.2104607895279], [16.259338789602673, 48.21070377837579]]]}}, {"type": "Feature", "properties": {"base": 0, "height": 1226.7}, "geometry": {"type": "Polygon", "coordinates": [[[16.258730026364894, 48.21089774163292], [16.258121258515533, 48.21109170167629], [16.2579453168309, 48.2108487128284], [16.258554085346663, 48.21065475278504], [16.258730026364894, 48.21089774163292]]]}}, {"type": "Feature", "properties": {"base": 0, "height": 1229.4}, "geometry": {"type": "Polygon", "coordinates": [[[16.258121258515533, 48.21109170167629], [16.257512486054583, 48.21128565850583], [16.257336543703552, 48.211042669657935], [16.2579453168309, 48.2108487128284], [16.258121258515533, 48.21109170167629]]]}}, {"type": "Feature", "properties": {"base": 0, "height": 1232.1}, "geometry": {"type": "Polygon", "coordinates": [[[16.257512486054583, 48.21128565850583], [16.256903708982076, 48.2114796121215], [16.256727765964655, 48.21123662327362], [16.257336543703552, 48.211042669657935], [16.257512486054583, 48.21128565850583]]]}}, {"type": "Feature", "properties": {"base": 0, "height": 1234.8}, "geometry": {"type": "Polygon", "coordinates": [[[16.256903708982076, 48.2114796121215], [16.256294927298008, 48.2116735625233], [16.2561189836142, 48.21143057367541], [16.256727765964655, 48.21123662327362], [16.256903708982076, 48.2114796121215]]]}}, {"type": "Feature", "properties": {"base": 0, "height": 1237.5}, "geometry": {"type": "Polygon", "coordinates": [[[16.256294927298008, 48.2116735625233], [16.255686141002393, 48.211867509711105], [16.255510196652196, 48.211624520863225], [16.2561189836142, 48.21143057367541], [16.256294927298008, 48.2116735625233]]]}}, {"type": "Feature", "properties": {"base": 0, "height": 1240.2}, "geometry": {"type": "Polygon", "coordinates": [[[16.255686141002393, 48.211867509711105], [16.255077350095245, 48.212061453684925], [16.254901405078662, 48.21181846483705], [16.255510196652196, 48.211624520863225], [16.255686141002393, 48.211867509711105]]]}}, {"type": "Feature", "properties": {"base": 0, "height": 1242.9}, "geometry": {"type": "Polygon", "coordinates": [[[16.255077350095245, 48.212061453684925], [16.25446855457657, 48.21225539444471], [16.25429260889361, 48.21201240559683], [16.254901405078662, 48.21181846483705], [16.255077350095245, 48.212061453684925]]]}}, {"type": "Feature", "properties": {"base": 0, "height": 1245.6}, "geometry": {"type": "Polygon", "coordinates": [[[16.25446855457657, 48.21225539444471], [16.25385975444637, 48.212449331990406], [16.253683808097037, 48.21220634314252], [16.25429260889361, 48.21201240559683], [16.25446855457657, 48.21225539444471]]]}}, {"type": "Feature", "properties": {"base": 0, "height": 1248.3}, "geometry": {"type": "Polygon", "coordinates": [[[16.25385975444637, 48.212449331990406], [16.253250949704668, 48.212643266321955], [16.253075002688966, 48.21240027747406], [16.253683808097037, 48.21220634314252], [16.25385975444637, 48.212449331990406]]]}}, {"type": "Feature", "properties": {"base": 0, "height": 1251.1}, "geometry": {"type": "Polygon", "coordinates": [[[16.253250949704668, 48.212643266321955], [16.252642140351465, 48.212837197439306], [16.252466192669402, 48.212594208591426], [16.253075002688966, 48.21240027747406], [16.253250949704668, 48.212643266321955]]]}}, {"type": "Feature", "properties": {"base": 0, "height": 1253.8}, "geometry": {"type": "Polygon", "coordinates": [[[16.252642140351465, 48.212837197439306], [16.252033326386783, 48.21303112534244], [16.25185737803836, 48.212788136494545], [16.252466192669402, 48.212594208591426], [16.252642140351465, 48.212837197439306]]]}}, {"type": "Feature", "properties": {"base": 0, "height": 1256.5}, "geometry": {"type": "Polygon", "coordinates": [[[16.252033326386783, 48.21303112534244], [16.251424507810615, 48.21322505003128], [16.25124855879583, 48.21298206118338], [16.25185737803836, 48.212788136494545], [16.252033326386783, 48.21303112534244]]]}}, {"type": "Feature", "properties": {"base": 0, "height": 1259.2}, "geometry": {"type": "Polygon", "coordinates": [[[16.251424507810615, 48.21322505003128], [16.25081568462298, 48.213418971505824], [16.250639734941846, 48.213175982657944], [16.25124855879583, 48.21298206118338], [16.251424507810615, 48.21322505003128]]]}}, {"type": "Feature", "properties": {"base": 0, "height": 1261.9}, "geometry": {"type": "Polygon", "coordinates": [[[16.25081568462298, 48.213418971505824], [16.250206856823898, 48.213612889766], [16.25003090647641, 48.21336990091811], [16.250639734941846, 48.213175982657944], [16.25081568462298, 48.213418971505824]]]}}, {"type": "Feature", "properties": {"base": 0, "height": 1264.6}, "geometry": {"type": "Polygon", "coordinates": [[[16.250206856823898, 48.213612889766], [16.249598024413366, 48.21380680481173], [16.249422073399536, 48.21356381596384], [16.25003090647641, 48.21336990091811], [16.250206856823898, 48.213612889766]]]}}, {"type": "Feature", "properties": {"base": 0, "height": 1267.3}, "geometry": {"type": "Polygon", "coordinates": [[[16.249598024413366, 48.21380680481173], [16.248989187391395, 48.21400071664302], [16.24881323571122, 48.213757727795134], [16.249422073399536, 48.21356381596384], [16.249598024413366, 48.21380680481173]]]}}, {"type": "Feature", "properties": {"base": 0, "height": 1270.0}, "geometry": {"type": "Polygon", "coordinates": [[[16.248989187391395, 48.21400071664302], [16.248380345757994, 48.2141946252598], [16.248204393411488, 48.213951636411906], [16.24881323571122, 48.213757727795134], [16.248989187391395, 48.21400071664302]]]}}, {"type": "Feature", "properties": {"base": 0, "height": 1272.7}, "geometry": {"type": "Polygon", "coordinates": [[[16.248380345757994, 48.2141946252598], [16.247771499513185, 48.21438853066203], [16.24759554650034, 48.21414554181412], [16.248204393411488, 48.213951636411906], [16.248380345757994, 48.2141946252598]]]}}, {"type": "Feature", "properties": {"base": 0, "height": 1275.4}, "geometry": {"type": "Polygon", "coordinates": [[[16.247771499513185, 48.21438853066203], [16.247162648656964, 48.214582432849625], [16.24698669497779, 48.21433944400175], [16.24759554650034, 48.21414554181412], [16.247771499513185, 48.21438853066203]]]}}, {"type": "Feature", "properties": {"base": 0, "height": 1278.1}, "geometry": {"type": "Polygon", "coordinates": [[[16.247162648656964, 48.214582432849625], [16.246553793189346, 48.2147763318226], [16.24637783884385, 48.21453334297472], [16.24698669497779, 48.21433944400175], [16.247162648656964, 48.214582432849625]]]}}, {"type": "Feature", "properties": {"base": 0, "height": 1280.8}, "geometry": {"type": "Polygon", "coordinates": [[[16.246553793189346, 48.2147763318226], [16.245944933110348, 48.21497022758089], [16.24576897809853, 48.214727238733005], [16.24637783884385, 48.21453334297472], [16.246553793189346, 48.2147763318226]]]}}, {"type": "Feature", "properties": {"base": 0, "height": 1283.5}, "geometry": {"type": "Polygon", "coordinates": [[[16.245944933110348, 48.21497022758089], [16.245336068419967, 48.21516412012444], [16.245160112741832, 48.21492113127655], [16.24576897809853, 48.214727238733005], [16.245944933110348, 48.21497022758089]]]}}, {"type": "Feature", "properties": {"base": 0, "height": 1286.3}, "geometry": {"type": "Polygon", "coordinates": [[[16.245336068419967, 48.21516412012444], [16.244727199118227, 48.21535800945317], [16.244551242773774, 48.21511502060529], [16.245160112741832, 48.21492113127655], [16.245336068419967, 48.21516412012444]]]}}, {"type": "Feature", "properties": {"base": 0, "height": 1289.0}, "geometry": {"type": "Polygon", "coordinates": [[[16.244727199118227, 48.21535800945317], [16.24411832520513, 48.21555189556711], [16.243942368194368, 48.21530890671923], [16.244551242773774, 48.21511502060529], [16.244727199118227, 48.21535800945317]]]}}, {"type": "Feature", "properties": {"base": 0, "height": 1291.7}, "geometry": {"type": "Polygon", "coordinates": [[[16.24411832520513, 48.21555189556711], [16.24350944668069, 48.21574577846616], [16.24333348900362, 48.21550278961826], [16.243942368194368, 48.21530890671923], [16.24411832520513, 48.21555189556711]]]}}, {"type": "Feature", "properties": {"base": 0, "height": 1294.4}, "geometry": {"type": "Polygon", "coordinates": [[[16.24350944668069, 48.21574577846616], [16.242900563544907, 48.215939658150276], [16.242724605201534, 48.21569666930238], [16.24333348900362, 48.21550278961826], [16.24350944668069, 48.21574577846616]]]}}, {"type": "Feature", "properties": {"base": 0, "height": 1297.1}, "geometry": {"type": "Polygon", "coordinates": [[[16.242900563544907, 48.215939658150276], [16.242291675797805, 48.21613353461942], [16.242115716788135, 48.21589054577152], [16.242724605201534, 48.21569666930238], [16.242900563544907, 48.215939658150276]]]}}, {"type": "Feature", "properties": {"base": 0, "height": 1299.8}, "geometry": {"type": "Polygon", "coordinates": [[[16.242291675797805, 48.21613353461942], [16.241682783439384, 48.216327407873536], [16.241506823763423, 48.21608441902565], [16.242115716788135, 48.21589054577152], [16.242291675797805, 48.21613353461942]]]}}, {"type": "Feature", "properties": {"base": 0, "height": 1302.5}, "geometry": {"type": "Polygon", "coordinates": [[[16.241682783439384, 48.216327407873536], [16.241073886469657, 48.216521277912605], [16.24089792612741, 48.21627828906472], [16.241506823763423, 48.21608441902565], [16.241682783439384, 48.216327407873536]]]}}, {"type": "Feature", "properties": {"base": 0, "height": 1305.2}, "geometry": {"type": "Polygon", "coordinates": [[[16.241073886469657, 48.216521277912605], [16.240464984888643, 48.21671514473656], [16.240289023880106, 48.21647215588868], [16.24089792612741, 48.21627828906472], [16.241073886469657, 48.216521277912605]]]}}, {"type": "Feature", "properties": {"base": 0, "height": 1307.9}, "geometry": {"type": "Polygon", "coordinates": [[[16.240464984888643, 48.21671514473656], [16.239856078696334, 48.21690900834537], [16.239680117021518, 48.21666601949749], [16.240289023880106, 48.21647215588868], [16.240464984888643, 48.21671514473656]]]}}, {"type": "Feature", "properties": {"base": 0, "height": 1310.6}, "geometry": {"type": "Polygon", "coordinates": [[[16.239856078696334, 48.21690900834537], [16.239247167892756, 48.217102868738976], [16.239071205551667, 48.21685987989108], [16.239680117021518, 48.21666601949749], [16.239856078696334, 48.21690900834537]]]}}, {"type": "Feature", "properties": {"base": 0, "height": 1313.3}, "geometry": {"type": "Polygon", "coordinates": [[[16.239247167892756, 48.217102868738976], [16.238638252477916, 48.21729672591733], [16.23846228947055, 48.21705373706944], [16.239071205551667, 48.21685987989108], [16.239247167892756, 48.217102868738976]]]}}, {"type": "Feature", "properties": {"base": 0, "height": 1316.0}, "geometry": {"type": "Polygon", "coordinates": [[[16.238638252477916, 48.21729672591733], [16.23802933245182, 48.21749057988038], [16.23785336877818, 48.21724759103249], [16.23846228947055, 48.21705373706944], [16.238638252477916, 48.21729672591733]]]}}, {"type": "Feature", "properties": {"base": 0, "height": 1318.7}, "geometry": {"type": "Polygon", "coordinates": [[[16.23802933245182, 48.21749057988038], [16.23742040781448, 48.2176844306281], [16.237244443474577, 48.2174414417802], [16.23785336877818, 48.21724759103249], [16.23802933245182, 48.21749057988038]]]}}, {"type": "Feature", "properties": {"base": 0, "height": 1321.5}, "geometry": {"type": "Polygon", "coordinates": [[[16.23742040781448, 48.2176844306281], [16.236811478565905, 48.21787827816043], [16.236635513559737, 48.21763528931254], [16.237244443474577, 48.2174414417802], [16.23742040781448, 48.2176844306281]]]}}, {"type": "Feature", "properties": {"base": 0, "height": 1324.2}, "geometry": {"type": "Polygon", "coordinates": [[[16.236811478565905, 48.21787827816043], [16.236202544706106, 48.21807212247734], [16.236026579033688, 48.217829133629444], [16.236635513559737, 48.21763528931254], [16.236811478565905, 48.21787827816043]]]}}, {"type": "Feature", "properties": {"base": 0, "height": 1326.9}, "geometry": {"type": "Polygon", "coordinates": [[[16.236202544706106, 48.21807212247734], [16.235593606235096, 48.21826596357874], [16.23541763989642, 48.21802297473086], [16.236026579033688, 48.217829133629444], [16.236202544706106, 48.21807212247734]]]}}, {"type": "Feature", "properties": {"base": 0, "height": 1329.6}, "geometry": {"type": "Polygon", "coordinates": [[[16.235593606235096, 48.21826596357874], [16.23498466315288, 48.21845980146463], [16.23480869614795, 48.218216812616745], [16.23541763989642, 48.21802297473086], [16.235593606235096, 48.21826596357874]]]}}, {"type": "Feature", "properties": {"base": 0, "height": 1332.3}, "geometry": {"type": "Polygon", "coordinates": [[[16.23498466315288, 48.21845980146463], [16.234375715459475, 48.21865363613496], [16.2341997477883, 48.218410647287065], [16.23480869614795, 48.218216812616745], [16.23498466315288, 48.21845980146463]]]}}, {"type": "Feature", "properties": {"base": 0, "height": 1335.0}, "geometry": {"type": "Polygon", "coordinates": [[[16.234375715459475, 48.21865363613496], [16.233766763154883, 48.21884746758965], [16.23359079481747, 48.21860447874176], [16.2341997477883, 48.218410647287065], [16.234375715459475, 48.21865363613496]]]}}, {"type": "Feature", "properties": {"base": 0, "height": 1337.7}, "geometry": {"type": "Polygon", "coordinates": [[[16.233766763154883, 48.21884746758965], [16.233157806239127, 48.21904129582869], [16.23298183723547, 48.218798306980815], [16.23359079481747, 48.21860447874176], [16.233766763154883, 48.21884746758965]]]}}, {"type": "Feature", "properties": {"base": 0, "height": 1340.4}, "geometry": {"type": "Polygon", "coordinates": [[[16.233157806239127, 48.21904129582869], [16.232548844712195, 48.21923512085202], [16.23237287504231, 48.218992132004125], [16.23298183723547, 48.218798306980815], [16.233157806239127, 48.21904129582869]]]}}, {"type": "Feature", "properties": {"base": 0, "height": 1343.1}, "geometry": {"type": "Polygon", "coordinates": [[[16.232548844712195, 48.21923512085202], [16.231939878574117, 48.219428942659576], [16.231763908238, 48.21918595381168], [16.23237287504231, 48.218992132004125], [16.232548844712195, 48.21923512085202]]]}}, {"type": "Feature", "properties": {"base": 0, "height": 1345.8}, "geometry": {"type": "Polygon", "coordinates": [[[16.231939878574117, 48.219428942659576], [16.231330907824894, 48.21962276125135], [16.231154936822552, 48.21937977240347], [16.231763908238, 48.21918595381168], [16.231939878574117, 48.219428942659576]]]}}, {"type": "Feature", "properties": {"base": 0, "height": 1348.5}, "geometry": {"type": "Polygon", "coordinates": [[[16.231330907824894, 48.21962276125135], [16.230721932464547, 48.219816576627274], [16.230545960795983, 48.21957358777937], [16.231154936822552, 48.21937977240347], [16.231330907824894, 48.21962276125135]]]}}, {"type": "Feature", "properties": {"base": 0, "height": 1351.2}, "geometry": {"type": "Polygon", "coordinates": [[[16.230721932464547, 48.219816576627274], [16.230112952493073, 48.22001038878728], [16.229936980158293, 48.2197673999394], [16.230545960795983, 48.21957358777937], [16.230721932464547, 48.219816576627274]]]}}, {"type": "Feature", "properties": {"base": 0, "height": 1354.0}, "geometry": {"type": "Polygon", "coordinates": [[[16.230112952493073, 48.22001038878728], [16.229503967910485, 48.22020419773135], [16.229327994909493, 48.219961208883454], [16.229936980158293, 48.2197673999394], [16.230112952493073, 48.22001038878728]]]}}, {"type": "Feature", "properties": {"base": 0, "height": 1356.7}, "geometry": {"type": "Polygon", "coordinates": [[[16.229503967910485, 48.22020419773135], [16.2288949787168, 48.22039800345946], [16.22871900504959, 48.22015501461157], [16.229327994909493, 48.219961208883454], [16.229503967910485, 48.22020419773135]]]}}, {"type": "Feature", "properties": {"base": 0, "height": 1359.4}, "geometry": {"type": "Polygon", "coordinates": [[[16.2288949787168, 48.22039800345946], [16.22828598491202, 48.2205918059715], [16.22811001057861, 48.22034881712362], [16.22871900504959, 48.22015501461157], [16.2288949787168, 48.22039800345946]]]}}, {"type": "Feature", "properties": {"base": 0, "height": 1362.1}, "geometry": {"type": "Polygon", "coordinates": [[[16.22828598491202, 48.2205918059715], [16.227676986496167, 48.22078560526748], [16.22750101149655, 48.22054261641959], [16.22811001057861, 48.22034881712362], [16.22828598491202, 48.2205918059715]]]}}, {"type": "Feature", "properties": {"base": 0, "height": 1364.8}, "geometry": {"type": "Polygon", "coordinates": [[[16.227676986496167, 48.22078560526748], [16.227067983469233, 48.22097940134733], [16.226892007803425, 48.22073641249945], [16.22750101149655, 48.22054261641959], [16.227676986496167, 48.22078560526748]]]}}, {"type": "Feature", "properties": {"base": 0, "height": 1367.5}, "geometry": {"type": "Polygon", "coordinates": [[[16.227067983469233, 48.22097940134733], [16.22645897583124, 48.22117319421101], [16.226282999499233, 48.22093020536312], [16.226892007803425, 48.22073641249945], [16.227067983469233, 48.22097940134733]]]}}, {"type": "Feature", "properties": {"base": 0, "height": 1370.2}, "geometry": {"type": "Polygon", "coordinates": [[[16.22645897583124, 48.22117319421101], [16.225849963582203, 48.22136698385846], [16.225673986584006, 48.22112399501058], [16.226282999499233, 48.22093020536312], [16.22645897583124, 48.22117319421101]]]}}, {"type": "Feature", "properties": {"base": 0, "height": 1372.9}, "geometry": {"type": "Polygon", "coordinates": [[[16.225849963582203, 48.22136698385846], [16.225240946722124, 48.22156077028964], [16.22506496905774, 48.22131778144175], [16.225673986584006, 48.22112399501058], [16.225849963582203, 48.22136698385846]]]}}, {"type": "Feature", "properties": {"base": 0, "height": 1375.6}, "geometry": {"type": "Polygon", "coordinates": [[[16.225240946722124, 48.22156077028964], [16.22463192525101, 48.22175455350454], [16.22445594692045, 48.22151156465665], [16.22506496905774, 48.22131778144175], [16.225240946722124, 48.22156077028964]]]}}, {"type": "Feature", "properties": {"base": 0, "height": 1378.3}, "geometry": {"type": "Polygon", "coordinates": [[[16.22463192525101, 48.22175455350454], [16.224022899168887, 48.22194833350305], [16.223846920172146, 48.22170534465518], [16.22445594692045, 48.22151156465665], [16.22463192525101, 48.22175455350454]]]}}, {"type": "Feature", "properties": {"base": 0, "height": 1381.0}, "geometry": {"type": "Polygon", "coordinates": [[[16.224022899168887, 48.22194833350305], [16.223413868475745, 48.222142110285176], [16.22323788881283, 48.22189912143728], [16.223846920172146, 48.22170534465518], [16.224022899168887, 48.22194833350305]]]}}, {"type": "Feature", "properties": {"base": 0, "height": 1383.7}, "geometry": {"type": "Polygon", "coordinates": [[[16.223413868475745, 48.222142110285176], [16.222804833171605, 48.22233588385082], [16.222628852842522, 48.22209289500293], [16.22323788881283, 48.22189912143728], [16.223413868475745, 48.222142110285176]]]}}, {"type": "Feature", "properties": {"base": 0, "height": 1386.4}, "geometry": {"type": "Polygon", "coordinates": [[[16.222804833171605, 48.22233588385082], [16.22219579325648, 48.22252965420001], [16.222019812261227, 48.222286665352115], [16.222628852842522, 48.22209289500293], [16.222804833171605, 48.22233588385082]]]}}, {"type": "Feature", "properties": {"base": 0, "height": 1389.2}, "geometry": {"type": "Polygon", "coordinates": [[[16.22219579325648, 48.22252965420001], [16.22158674873037, 48.22272342133263], [16.22141076706896, 48.22248043248474], [16.222019812261227, 48.222286665352115], [16.22219579325648, 48.22252965420001]]]}}, {"type": "Feature", "properties": {"base": 0, "height": 1391.9}, "geometry": {"type": "Polygon", "coordinates": [[[16.22158674873037, 48.22272342133263], [16.220977699593295, 48.22291718524866], [16.220801717265722, 48.22267419640079], [16.22141076706896, 48.22248043248474], [16.22158674873037, 48.22272342133263]]]}}, {"type": "Feature", "properties": {"base": 0, "height": 1394.6}, "geometry": {"type": "Polygon", "coordinates": [[[16.220977699593295, 48.22291718524866], [16.220368645845266, 48.22311094594807], [16.220192662851545, 48.22286795710018], [16.220801717265722, 48.22267419640079], [16.220977699593295, 48.22291718524866]]]}}, {"type": "Feature", "properties": {"base": 0, "height": 1397.3}, "geometry": {"type": "Polygon", "coordinates": [[[16.220368645845266, 48.22311094594807], [16.219759587486283, 48.22330470343076], [16.219583603826408, 48.22306171458287], [16.220192662851545, 48.22286795710018], [16.220368645845266, 48.22311094594807]]]}}, {"type": "Feature", "properties": {"base": 0, "height": 1400.0}, "geometry": {"type": "Polygon", "coordinates": [[[16.219759587486283, 48.22330470343076], [16.21915052451637, 48.22349845769676], [16.21897454019035, 48.223255468848876], [16.219583603826408, 48.22306171458287], [16.219759587486283, 48.22330470343076]]]}}, {"type": "Feature", "properties": {"base": 0, "height": 1402.7}, "geometry": {"type": "Polygon", "coordinates": [[[16.21915052451637, 48.22349845769676], [16.218541456935522, 48.22369220874599], [16.218365471943358, 48.22344921989809], [16.21897454019035, 48.223255468848876], [16.21915052451637, 48.22349845769676]]]}}, {"type": "Feature", "properties": {"base": 0, "height": 1405.4}, "geometry": {"type": "Polygon", "coordinates": [[[16.218541456935522, 48.22369220874599], [16.217932384743758, 48.223885956578364], [16.21775639908546, 48.223642967730484], [16.218365471943358, 48.22344921989809], [16.218541456935522, 48.22369220874599]]]}}, {"type": "Feature", "properties": {"base": 0, "height": 1408.1}, "geometry": {"type": "Polygon", "coordinates": [[[16.217932384743758, 48.223885956578364], [16.21732330794109, 48.224079701193894], [16.217147321616654, 48.22383671234602], [16.21775639908546, 48.223642967730484], [16.217932384743758, 48.223885956578364]]]}}, {"type": "Feature", "properties": {"base": 0, "height": 1410.8}, "geometry": {"type": "Polygon", "coordinates": [[[16.21732330794109, 48.224079701193894], [16.21671422652753, 48.22427344259252], [16.216538239536966, 48.22403045374462], [16.217147321616654, 48.22383671234602], [16.21732330794109, 48.224079701193894]]]}}, {"type": "Feature", "properties": {"base": 0, "height": 1413.5}, "geometry": {"type": "Polygon", "coordinates": [[[16.21671422652753, 48.22427344259252], [16.21610514050307, 48.22446718077416], [16.215929152846385, 48.22422419192627], [16.216538239536966, 48.22403045374462], [16.21671422652753, 48.22427344259252]]]}}, {"type": "Feature", "properties": {"base": 0, "height": 1416.2}, "geometry": {"type": "Polygon", "coordinates": [[[16.21610514050307, 48.22446718077416], [16.21549604986775, 48.224660915738816], [16.215320061544936, 48.224417926890936], [16.215929152846385, 48.22422419192627], [16.21610514050307, 48.22446718077416]]]}}, {"type": "Feature", "properties": {"base": 0, "height": 1418.9}, "geometry": {"type": "Polygon", "coordinates": [[[16.21549604986775, 48.224660915738816], [16.214886954621555, 48.22485464748641], [16.214710965632626, 48.224611658638516], [16.215320061544936, 48.224417926890936], [16.21549604986775, 48.224660915738816]]]}}, {"type": "Feature", "properties": {"base": 0, "height": 1421.6}, "geometry": {"type": "Polygon", "coordinates": [[[16.214886954621555, 48.22485464748641], [16.214277854764504, 48.22504837601691], [16.21410186510946, 48.224805387169035], [16.214710965632626, 48.224611658638516], [16.214886954621555, 48.22485464748641]]]}}, {"type": "Feature", "properties": {"base": 0, "height": 1424.4}, "geometry": {"type": "Polygon", "coordinates": [[[16.214277854764504, 48.22504837601691], [16.21366875029661, 48.225242101330274], [16.213492759975455, 48.22499911248239], [16.21410186510946, 48.224805387169035], [16.214277854764504, 48.22504837601691]]]}}, {"type": "Feature", "properties": {"base": 0, "height": 1427.1}, "geometry": {"type": "Polygon", "coordinates": [[[16.21366875029661, 48.225242101330274], [16.21305964121788, 48.22543582342644], [16.212883650230626, 48.22519283457855], [16.213492759975455, 48.22499911248239], [16.21366875029661, 48.225242101330274]]]}}, {"type": "Feature", "properties": {"base": 0, "height": 1429.8}, "geometry": {"type": "Polygon", "coordinates": [[[16.21305964121788, 48.22543582342644], [16.212450527528333, 48.22562954230537], [16.212274535874975, 48.22538655345749], [16.212883650230626, 48.22519283457855], [16.21305964121788, 48.22543582342644]]]}}, {"type": "Feature", "properties": {"base": 0, "height": 1432.5}, "geometry": {"type": "Polygon", "coordinates": [[[16.212450527528333, 48.22562954230537], [16.21184140922796, 48.22582325796702], [16.211665416908502, 48.22558026911913], [16.212274535874975, 48.22538655345749], [16.212450527528333, 48.22562954230537]]]}}, {"type": "Feature", "properties": {"base": 0, "height": 1435.2}, "geometry": {"type": "Polygon", "coordinates": [[[16.21184140922796, 48.22582325796702], [16.21123228631679, 48.22601697041133], [16.211056293331236, 48.22577398156344], [16.211665416908502, 48.22558026911913], [16.21184140922796, 48.22582325796702]]]}}, {"type": "Feature", "properties": {"base": 0, "height": 1437.9}, "geometry": {"type": "Polygon", "coordinates": [[[16.21123228631679, 48.22601697041133], [16.210623158794817, 48.22621067963827], [16.210447165143176, 48.225967690790384], [16.211056293331236, 48.22577398156344], [16.21123228631679, 48.22601697041133]]]}}, {"type": "Feature", "properties": {"base": 0, "height": 1440.6}, "geometry": {"type": "Polygon", "coordinates": [[[16.210623158794817, 48.22621067963827], [16.21001402666207, 48.22640438564778], [16.209838032344344, 48.2261613967999], [16.210447165143176, 48.225967690790384], [16.210623158794817, 48.22621067963827]]]}}, {"type": "Feature", "properties": {"base": 0, "height": 1443.3}, "geometry": {"type": "Polygon", "coordinates": [[[16.21001402666207, 48.22640438564778], [16.20940488991855, 48.226598088439836], [16.209228894934743, 48.22635509959195], [16.209838032344344, 48.2261613967999], [16.21001402666207, 48.22640438564778]]]}}, {"type": "Feature", "properties": {"base": 0, "height": 1446.0}, "geometry": {"type": "Polygon", "coordinates": [[[16.20940488991855, 48.226598088439836], [16.208795748564267, 48.22679178801435], [16.20861975291438, 48.22654879916647], [16.209228894934743, 48.22635509959195], [16.20940488991855, 48.226598088439836]]]}}, {"type": "Feature", "properties": {"base": 0, "height": 1448.7}, "geometry": {"type": "Polygon", "coordinates": [[[16.208795748564267, 48.22679178801435], [16.208186602599227, 48.22698548437134], [16.20801060628327, 48.226742495523446], [16.20861975291438, 48.22654879916647], [16.208795748564267, 48.22679178801435]]]}}, {"type": "Feature", "properties": {"base": 0, "height": 1451.4}, "geometry": {"type": "Polygon", "coordinates": [[[16.208186602599227, 48.22698548437134], [16.20757745202345, 48.227179177510706], [16.20740145504142, 48.22693618866281], [16.20801060628327, 48.226742495523446], [16.208186602599227, 48.22698548437134]]]}}, {"type": "Feature", "properties": {"base": 0, "height": 1454.1}, "geometry": {"type": "Polygon", "coordinates": [[[16.20757745202345, 48.227179177510706], [16.20696829683694, 48.227372867432436], [16.206792299188844, 48.22712987858455], [16.20740145504142, 48.22693618866281], [16.20757745202345, 48.227179177510706]]]}}, {"type": "Feature", "properties": {"base": 0, "height": 1456.9}, "geometry": {"type": "Polygon", "coordinates": [[[16.20696829683694, 48.227372867432436], [16.20635913703971, 48.227566554136445], [16.206183138725553, 48.22732356528855], [16.206792299188844, 48.22712987858455], [16.20696829683694, 48.227372867432436]]]}}, {"type": "Feature", "properties": {"base": 0, "height": 1459.6}, "geometry": {"type": "Polygon", "coordinates": [[[16.20635913703971, 48.227566554136445], [16.205749972631764, 48.22776023762271], [16.20557397365155, 48.22751724877482], [16.206183138725553, 48.22732356528855], [16.20635913703971, 48.227566554136445]]]}}, {"type": "Feature", "properties": {"base": 0, "height": 1462.3}, "geometry": {"type": "Polygon", "coordinates": [[[16.205749972631764, 48.22776023762271], [16.205140803613116, 48.22795391789119], [16.204964803966845, 48.2277109290433], [16.20557397365155, 48.22751724877482], [16.205749972631764, 48.22776023762271]]]}}, {"type": "Feature", "properties": {"base": 0, "height": 1465.0}, "geometry": {"type": "Polygon", "coordinates": [[[16.205140803613116, 48.22795391789119], [16.204531629983784, 48.22814759494182], [16.204355629671465, 48.22790460609394], [16.204964803966845, 48.2277109290433], [16.205140803613116, 48.22795391789119]]]}}, {"type": "Feature", "properties": {"base": 0, "height": 1467.7}, "geometry": {"type": "Polygon", "coordinates": [[[16.204531629983784, 48.22814759494182], [16.203922451743768, 48.228341268774585], [16.203746450765404, 48.2280982799267], [16.204355629671465, 48.22790460609394], [16.204531629983784, 48.22814759494182]]]}}, {"type": "Feature", "properties": {"base": 0, "height": 1470.4}, "geometry": {"type": "Polygon", "coordinates": [[[16.203922451743768, 48.228341268774585], [16.203313268893087, 48.22853493938942], [16.203137267248685, 48.228291950541525], [16.203746450765404, 48.2280982799267], [16.203922451743768, 48.228341268774585]]]}}, {"type": "Feature", "properties": {"base": 0, "height": 1473.1}, "geometry": {"type": "Polygon", "coordinates": [[[16.203313268893087, 48.22853493938942], [16.20270408143174, 48.22872860678626], [16.202528079121297, 48.22848561793838], [16.203137267248685, 48.228291950541525], [16.203313268893087, 48.22853493938942]]]}}, {"type": "Feature", "properties": {"base": 0, "height": 1475.8}, "geometry": {"type": "Polygon", "coordinates": [[[16.20270408143174, 48.22872860678626], [16.202094889359746, 48.22892227096508], [16.20191888638327, 48.2286792821172], [16.202528079121297, 48.22848561793838], [16.20270408143174, 48.22872860678626]]]}}, {"type": "Feature", "properties": {"base": 0, "height": 1478.5}, "geometry": {"type": "Polygon", "coordinates": [[[16.202094889359746, 48.22892227096508], [16.201485692677114, 48.22911593192585], [16.20130968903461, 48.22887294307795], [16.20191888638327, 48.2286792821172], [16.202094889359746, 48.22892227096508]]]}}, {"type": "Feature", "properties": {"base": 0, "height": 1481.2}, "geometry": {"type": "Polygon", "coordinates": [[[16.201485692677114, 48.22911593192585], [16.200876491383855, 48.22930958966848], [16.200700487075324, 48.2290666008206], [16.20130968903461, 48.22887294307795], [16.201485692677114, 48.22911593192585]]]}}, {"type": "Feature", "properties": {"base": 0, "height": 1483.9}, "geometry": {"type": "Polygon", "coordinates": [[[16.200876491383855, 48.22930958966848], [16.200267285479978, 48.22950324419297], [16.200091280505426, 48.22926025534508], [16.200700487075324, 48.2290666008206], [16.200876491383855, 48.22930958966848]]]}}, {"type": "Feature", "properties": {"base": 0, "height": 1486.6}, "geometry": {"type": "Polygon", "coordinates": [[[16.200267285479978, 48.22950324419297], [16.199658074965484, 48.229696895499224], [16.199482069324915, 48.22945390665133], [16.200091280505426, 48.22926025534508], [16.200267285479978, 48.22950324419297]]]}}, {"type": "Feature", "properties": {"base": 0, "height": 1489.3}, "geometry": {"type": "Polygon", "coordinates": [[[16.199658074965484, 48.229696895499224], [16.199048859840403, 48.22989054358725], [16.19887285353382, 48.22964755473937], [16.199482069324915, 48.22945390665133], [16.199658074965484, 48.229696895499224]]]}}, {"type": "Feature", "properties": {"base": 0, "height": 1492.1}, "geometry": {"type": "Polygon", "coordinates": [[[16.199048859840403, 48.22989054358725], [16.198439640104734, 48.23008418845695], [16.198263633132143, 48.22984119960906], [16.19887285353382, 48.22964755473937], [16.199048859840403, 48.22989054358725]]]}}, {"type": "Feature", "properties": {"base": 0, "height": 1494.8}, "geometry": {"type": "Polygon", "coordinates": [[[16.198439640104734, 48.23008418845695], [16.19783041575849, 48.230277830108335], [16.197654408119888, 48.230034841260455], [16.198263633132143, 48.22984119960906], [16.198439640104734, 48.23008418845695]]]}}, {"type": "Feature", "properties": {"base": 0, "height": 1497.5}, "geometry": {"type": "Polygon", "coordinates": [[[16.19783041575849, 48.230277830108335], [16.197221186801674, 48.23047146854131], [16.197045178497078, 48.230228479693416], [16.197654408119888, 48.230034841260455], [16.19783041575849, 48.230277830108335]]]}}, {"type": "Feature", "properties": {"base": 0, "height": 1500.2}, "geometry": {"type": "Polygon", "coordinates": [[[16.197221186801674, 48.23047146854131], [16.196611953234306, 48.23066510375583], [16.196435944263705, 48.230422114907945], [16.197045178497078, 48.230228479693416], [16.197221186801674, 48.23047146854131]]]}}, {"type": "Feature", "properties": {"base": 0, "height": 1502.9}, "geometry": {"type": "Polygon", "coordinates": [[[16.196611953234306, 48.23066510375583], [16.196002715056387, 48.23085873575189], [16.195826705419798, 48.230615746904], [16.196435944263705, 48.230422114907945], [16.196611953234306, 48.23066510375583]]]}}, {"type": "Feature", "properties": {"base": 0, "height": 1505.6}, "geometry": {"type": "Polygon", "coordinates": [[[16.196002715056387, 48.23085873575189], [16.19539347226794, 48.2310523645294], [16.19521746196536, 48.23080937568152], [16.195826705419798, 48.230615746904], [16.196002715056387, 48.23085873575189]]]}}, {"type": "Feature", "properties": {"base": 0, "height": 1508.3}, "geometry": {"type": "Polygon", "coordinates": [[[16.19539347226794, 48.2310523645294], [16.194784224868965, 48.23124599008835], [16.194608213900402, 48.23100300124047], [16.19521746196536, 48.23080937568152], [16.19539347226794, 48.2310523645294]]]}}, {"type": "Feature", "properties": {"base": 0, "height": 1511.0}, "geometry": {"type": "Polygon", "coordinates": [[[16.194784224868965, 48.23124599008835], [16.19417497285948, 48.23143961242867], [16.19399896122493, 48.23119662358078], [16.194608213900402, 48.23100300124047], [16.194784224868965, 48.23124599008835]]]}}, {"type": "Feature", "properties": {"base": 0, "height": 1513.7}, "geometry": {"type": "Polygon", "coordinates": [[[16.19417497285948, 48.23143961242867], [16.193565716239487, 48.23163323155032], [16.19338970393896, 48.23139024270243], [16.19399896122493, 48.23119662358078], [16.19417497285948, 48.23143961242867]]]}}, {"type": "Feature", "properties": {"base": 0, "height": 1516.4}, "geometry": {"type": "Polygon", "coordinates": [[[16.193565716239487, 48.23163323155032], [16.192956455009, 48.23182684745325], [16.1927804420425, 48.231583858605354], [16.19338970393896, 48.23139024270243], [16.193565716239487, 48.23163323155032]]]}}, {"type": "Feature", "properties": {"base": 0, "height": 1519.1}, "geometry": {"type": "Polygon", "coordinates": [[[16.192956455009, 48.23182684745325], [16.19234718916803, 48.2320204601374], [16.192171175535563, 48.231777471289526], [16.1927804420425, 48.231583858605354], [16.192956455009, 48.23182684745325]]]}}, {"type": "Feature", "properties": {"base": 0, "height": 1521.8}, "geometry": {"type": "Polygon", "coordinates": [[[16.19234718916803, 48.2320204601374], [16.191737918716584, 48.23221406960277], [16.19156190441815, 48.231971080754896], [16.192171175535563, 48.231777471289526], [16.19234718916803, 48.2320204601374]]]}}, {"type": "Feature", "properties": {"base": 0, "height": 1524.5}, "geometry": {"type": "Polygon", "coordinates": [[[16.191737918716584, 48.23221406960277], [16.191128643654682, 48.23240767584927], [16.190952628690287, 48.23216468700138], [16.19156190441815, 48.231971080754896], [16.191737918716584, 48.23221406960277]]]}}, {"type": "Feature", "properties": {"base": 0, "height": 1527.3}, "geometry": {"type": "Polygon", "coordinates": [[[16.191128643654682, 48.23240767584927], [16.19051936398232, 48.23260127887687], [16.190343348351973, 48.23235829002898], [16.190952628690287, 48.23216468700138], [16.191128643654682, 48.23240767584927]]]}}, {"type": "Feature", "properties": {"base": 0, "height": 1530.0}, "geometry": {"type": "Polygon", "coordinates": [[[16.19051936398232, 48.23260127887687], [16.189910079699526, 48.23279487868552], [16.189734063403225, 48.23255188983762], [16.190343348351973, 48.23235829002898], [16.19051936398232, 48.23260127887687]]]}}, {"type": "Feature", "properties": {"base": 0, "height": 1532.7}, "geometry": {"type": "Polygon", "coordinates": [[[16.189910079699526, 48.23279487868552], [16.1893007908063, 48.23298847527518], [16.189124773844046, 48.232745486427305], [16.189734063403225, 48.23255188983762], [16.189910079699526, 48.23279487868552]]]}}, {"type": "Feature", "properties": {"base": 0, "height": 1535.4}, "geometry": {"type": "Polygon", "coordinates": [[[16.1893007908063, 48.23298847527518], [16.18869149730265, 48.23318206864579], [16.18851547967445, 48.2329390797979], [16.189124773844046, 48.232745486427305], [16.1893007908063, 48.23298847527518]]]}}, {"type": "Feature", "properties": {"base": 0, "height": 1538.1}, "geometry": {"type": "Polygon", "coordinates": [[[16.18869149730265, 48.23318206864579], [16.188082199188592, 48.23337565879733], [16.18790618089445, 48.23313266994944], [16.18851547967445, 48.2329390797979], [16.18869149730265, 48.23318206864579]]]}}, {"type": "Feature", "properties": {"base": 0, "height": 1540.8}, "geometry": {"type": "Polygon", "coordinates": [[[16.188082199188592, 48.23337565879733], [16.18747289646413, 48.23356924572971], [16.187296877504053, 48.233326256881824], [16.18790618089445, 48.23313266994944], [16.188082199188592, 48.23337565879733]]]}}, {"type": "Feature", "properties": {"base": 0, "height": 1543.5}, "geometry": {"type": "Polygon", "coordinates": [[[16.18747289646413, 48.23356924572971], [16.186863589129278, 48.23376282944293], [16.18668756950327, 48.23351984059505], [16.187296877504053, 48.233326256881824], [16.18747289646413, 48.23356924572971]]]}}, {"type": "Feature", "properties": {"base": 0, "height": 1546.2}, "geometry": {"type": "Polygon", "coordinates": [[[16.186863589129278, 48.23376282944293], [16.18625427718405, 48.23395640993692], [16.186078256892117, 48.23371342108904], [16.18668756950327, 48.23351984059505], [16.186863589129278, 48.23376282944293]]]}}, {"type": "Feature", "properties": {"base": 0, "height": 1548.9}, "geometry": {"type": "Polygon", "coordinates": [[[16.18625427718405, 48.23395640993692], [16.185644960628455, 48.234149987211644], [16.185468939670592, 48.23390699836375], [16.186078256892117, 48.23371342108904], [16.18625427718405, 48.23395640993692]]]}}, {"type": "Feature", "properties": {"base": 0, "height": 1551.6}, "geometry": {"type": "Polygon", "coordinates": [[[16.185644960628455, 48.234149987211644], [16.185035639462498, 48.23434356126704], [16.18485961783872, 48.23410057241916], [16.185468939670592, 48.23390699836375], [16.185644960628455, 48.234149987211644]]]}}, {"type": "Feature", "properties": {"base": 0, "height": 1554.3}, "geometry": {"type": "Polygon", "coordinates": [[[16.185035639462498, 48.23434356126704], [16.184426313686203, 48.234537132103085], [16.184250291396506, 48.2342941432552], [16.18485961783872, 48.23410057241916], [16.185035639462498, 48.23434356126704]]]}}, {"type": "Feature", "properties": {"base": 0, "height": 1557.0}, "geometry": {"type": "Polygon", "coordinates": [[[16.184426313686203, 48.234537132103085], [16.183816983299554, 48.23473069971971], [16.183640960343944, 48.23448771087182], [16.184250291396506, 48.2342941432552], [16.184426313686203, 48.234537132103085]]]}}, {"type": "Feature", "properties": {"base": 0, "height": 1559.8}, "geometry": {"type": "Polygon", "coordinates": [[[16.183816983299554, 48.23473069971971], [16.18320764830259, 48.23492426411687], [16.18303162468107, 48.234681275268976], [16.183640960343944, 48.23448771087182], [16.183816983299554, 48.23473069971971]]]}}, {"type": "Feature", "properties": {"base": 0, "height": 1562.5}, "geometry": {"type": "Polygon", "coordinates": [[[16.18320764830259, 48.23492426411687], [16.18259830869531, 48.235117825294566], [16.182422284407885, 48.23487483644668], [16.18303162468107, 48.234681275268976], [16.18320764830259, 48.23492426411687]]]}}, {"type": "Feature", "properties": {"base": 0, "height": 1565.2}, "geometry": {"type": "Polygon", "coordinates": [[[16.18259830869531, 48.235117825294566], [16.18198896447772, 48.235311383252686], [16.181812939524395, 48.235068394404784], [16.182422284407885, 48.23487483644668], [16.18259830869531, 48.235117825294566]]]}}, {"type": "Feature", "properties": {"base": 0, "height": 1567.9}, "geometry": {"type": "Polygon", "coordinates": [[[16.18198896447772, 48.235311383252686], [16.18137961564984, 48.23550493799119], [16.181203590030616, 48.2352619491433], [16.181812939524395, 48.235068394404784], [16.18198896447772, 48.235311383252686]]]}}, {"type": "Feature", "properties": {"base": 0, "height": 1570.6}, "geometry": {"type": "Polygon", "coordinates": [[[16.18137961564984, 48.23550493799119], [16.18077026221167, 48.23569848951005], [16.180594235926552, 48.23545550066217], [16.181203590030616, 48.2352619491433], [16.18137961564984, 48.23550493799119]]]}}, {"type": "Feature", "properties": {"base": 0, "height": 1573.3}, "geometry": {"type": "Polygon", "coordinates": [[[16.18077026221167, 48.23569848951005], [16.180160904163227, 48.23589203780924], [16.17998487721222, 48.23564904896137], [16.180594235926552, 48.23545550066217], [16.18077026221167, 48.23569848951005]]]}}, {"type": "Feature", "properties": {"base": 0, "height": 1576.0}, "geometry": {"type": "Polygon", "coordinates": [[[16.180160904163227, 48.23589203780924], [16.179551541504516, 48.23608558288873], [16.179375513887628, 48.23584259404083], [16.17998487721222, 48.23564904896137], [16.180160904163227, 48.23589203780924]]]}}, {"type": "Feature", "properties": {"base": 0, "height": 1578.7}, "geometry": {"type": "Polygon", "coordinates": [[[16.179551541504516, 48.23608558288873], [16.17894217423556, 48.2362791247484], [16.17876614595279, 48.23603613590053], [16.179375513887628, 48.23584259404083], [16.179551541504516, 48.23608558288873]]]}}, {"type": "Feature", "properties": {"base": 0, "height": 1581.4}, "geometry": {"type": "Polygon", "coordinates": [[[16.17894217423556, 48.2362791247484], [16.178332802356355, 48.23647266338825], [16.178156773407707, 48.23622967454037], [16.17876614595279, 48.23603613590053], [16.17894217423556, 48.2362791247484]]]}}, {"type": "Feature", "properties": {"base": 0, "height": 1584.1}, "geometry": {"type": "Polygon", "coordinates": [[[16.178332802356355, 48.23647266338825], [16.177723425866915, 48.23666619880822], [16.1775473962524, 48.23642320996035], [16.178156773407707, 48.23622967454037], [16.178332802356355, 48.23647266338825]]]}}, {"type": "Feature", "properties": {"base": 0, "height": 1586.8}, "geometry": {"type": "Polygon", "coordinates": [[[16.177723425866915, 48.23666619880822], [16.177114044767258, 48.236859731008295], [16.17693801448687, 48.23661674216041], [16.1775473962524, 48.23642320996035], [16.177723425866915, 48.23666619880822]]]}}, {"type": "Feature", "properties": {"base": 0, "height": 1589.5}, "geometry": {"type": "Polygon", "coordinates": [[[16.177114044767258, 48.236859731008295], [16.176504659057386, 48.23705325998836], [16.176328628111133, 48.23681027114047], [16.17693801448687, 48.23661674216041], [16.177114044767258, 48.236859731008295]]]}}, {"type": "Feature", "properties": {"base": 0, "height": 1592.2}, "geometry": {"type": "Polygon", "coordinates": [[[16.176504659057386, 48.23705325998836], [16.175895268737317, 48.23724678574845], [16.175719237125204, 48.23700379690056], [16.176328628111133, 48.23681027114047], [16.176504659057386, 48.23705325998836]]]}}, {"type": "Feature", "properties": {"base": 0, "height": 1595.0}, "geometry": {"type": "Polygon", "coordinates": [[[16.175895268737317, 48.23724678574845], [16.175285873807052, 48.23744030828847], [16.17510984152908, 48.23719731944058], [16.175719237125204, 48.23700379690056], [16.175895268737317, 48.23724678574845]]]}}, {"type": "Feature", "properties": {"base": 0, "height": 1597.7}, "geometry": {"type": "Polygon", "coordinates": [[[16.175285873807052, 48.23744030828847], [16.174676474266615, 48.23763382760839], [16.17450044132279, 48.23739083876051], [16.17510984152908, 48.23719731944058], [16.175285873807052, 48.23744030828847]]]}}, {"type": "Feature", "properties": {"base": 0, "height": 1600.4}, "geometry": {"type": "Polygon", "coordinates": [[[16.174676474266615, 48.23763382760839], [16.174067070116, 48.23782734370815], [16.173891036506326, 48.23758435486027], [16.17450044132279, 48.23739083876051], [16.174676474266615, 48.23763382760839]]]}}, {"type": "Feature", "properties": {"base": 0, "height": 1603.1}, "geometry": {"type": "Polygon", "coordinates": [[[16.174067070116, 48.23782734370815], [16.173457661355233, 48.238020856587724], [16.173281627079717, 48.23777786773984], [16.173891036506326, 48.23758435486027], [16.174067070116, 48.23782734370815]]]}}, {"type": "Feature", "properties": {"base": 0, "height": 1605.8}, "geometry": {"type": "Polygon", "coordinates": [[[16.173457661355233, 48.238020856587724], [16.17284824798431, 48.23821436624706], [16.17267221304295, 48.237971377399184], [16.173281627079717, 48.23777786773984], [16.173457661355233, 48.238020856587724]]]}}, {"type": "Feature", "properties": {"base": 0, "height": 1608.5}, "geometry": {"type": "Polygon", "coordinates": [[[16.17284824798431, 48.23821436624706], [16.172238830003245, 48.23840787268609], [16.172062794396055, 48.238164883838195], [16.17267221304295, 48.237971377399184], [16.17284824798431, 48.23821436624706]]]}}, {"type": "Feature", "properties": {"base": 0, "height": 1611.2}, "geometry": {"type": "Polygon", "coordinates": [[[16.172238830003245, 48.23840787268609], [16.171629407412066, 48.23860137590479], [16.171453371139044, 48.238358387056905], [16.172062794396055, 48.238164883838195], [16.172238830003245, 48.23840787268609]]]}}, {"type": "Feature", "properties": {"base": 0, "height": 1613.9}, "geometry": {"type": "Polygon", "coordinates": [[[16.171629407412066, 48.23860137590479], [16.171019980210765, 48.238794875903125], [16.17084394327191, 48.23855188705523], [16.171453371139044, 48.238358387056905], [16.171629407412066, 48.23860137590479]]]}}, {"type": "Feature", "properties": {"base": 0, "height": 1616.6}, "geometry": {"type": "Polygon", "coordinates": [[[16.171019980210765, 48.238794875903125], [16.170410548399353, 48.23898837268101], [16.170234510794675, 48.23874538383312], [16.17084394327191, 48.23855188705523], [16.171019980210765, 48.238794875903125]]]}}, {"type": "Feature", "properties": {"base": 0, "height": 1619.3}, "geometry": {"type": "Polygon", "coordinates": [[[16.170410548399353, 48.23898837268101], [16.169801111977847, 48.23918186623843], [16.169625073707348, 48.23893887739054], [16.170234510794675, 48.23874538383312], [16.170410548399353, 48.23898837268101]]]}}, {"type": "Feature", "properties": {"base": 0, "height": 1622.0}, "geometry": {"type": "Polygon", "coordinates": [[[16.169801111977847, 48.23918186623843], [16.169191670946255, 48.23937535657532], [16.16901563200994, 48.239132367727436], [16.169625073707348, 48.23893887739054], [16.169801111977847, 48.23918186623843]]]}}, {"type": "Feature", "properties": {"base": 0, "height": 1624.7}, "geometry": {"type": "Polygon", "coordinates": [[[16.169191670946255, 48.23937535657532], [16.168582225304586, 48.23956884369166], [16.168406185702462, 48.23932585484377], [16.16901563200994, 48.239132367727436], [16.169191670946255, 48.23937535657532]]]}}, {"type": "Feature", "properties": {"base": 0, "height": 1627.4}, "geometry": {"type": "Polygon", "coordinates": [[[16.168582225304586, 48.23956884369166], [16.167972775052856, 48.23976232758738], [16.167796734784922, 48.23951933873949], [16.168406185702462, 48.23932585484377], [16.168582225304586, 48.23956884369166]]]}}, {"type": "Feature", "properties": {"base": 0, "height": 1630.2}, "geometry": {"type": "Polygon", "coordinates": [[[16.167972775052856, 48.23976232758738], [16.167363320191072, 48.23995580826242], [16.167187279257334, 48.23971281941453], [16.167796734784922, 48.23951933873949], [16.167972775052856, 48.23976232758738]]]}}, {"type": "Feature", "properties": {"base": 0, "height": 1632.9}, "geometry": {"type": "Polygon", "coordinates": [[[16.167363320191072, 48.23995580826242], [16.16675386071924, 48.24014928571679], [16.166577819119702, 48.2399062968689], [16.167187279257334, 48.23971281941453], [16.167363320191072, 48.23995580826242]]]}}, {"type": "Feature", "properties": {"base": 0, "height": 1635.6}, "geometry": {"type": "Polygon", "coordinates": [[[16.16675386071924, 48.24014928571679], [16.166144396637378, 48.24034275995038], [16.165968354372048, 48.24009977110249], [16.166577819119702, 48.2399062968689], [16.16675386071924, 48.24014928571679]]]}}, {"type": "Feature", "properties": {"base": 0, "height": 1638.3}, "geometry": {"type": "Polygon", "coordinates": [[[16.166144396637378, 48.24034275995038], [16.165534927945494, 48.24053623096319], [16.165358885014367, 48.2402932421153], [16.165968354372048, 48.24009977110249], [16.166144396637378, 48.24034275995038]]]}}, {"type": "Feature", "properties": {"base": 0, "height": 1641.0}, "geometry": {"type": "Polygon", "coordinates": [[[16.165534927945494, 48.24053623096319], [16.1649254546436, 48.240729698755125], [16.16474941104669, 48.24048670990724], [16.165358885014367, 48.2402932421153], [16.165534927945494, 48.24053623096319]]]}}, {"type": "Feature", "properties": {"base": 0, "height": 1643.7}, "geometry": {"type": "Polygon", "coordinates": [[[16.1649254546436, 48.240729698755125], [16.164315976731697, 48.24092316332622], [16.164139932469002, 48.24068017447833], [16.16474941104669, 48.24048670990724], [16.1649254546436, 48.240729698755125]]]}}, {"type": "Feature", "properties": {"base": 0, "height": 1646.4}, "geometry": {"type": "Polygon", "coordinates": [[[16.164315976731697, 48.24092316332622], [16.163706494209812, 48.24111662467634], [16.163530449281335, 48.24087363582845], [16.164139932469002, 48.24068017447833], [16.164315976731697, 48.24092316332622]]]}}, {"type": "Feature", "properties": {"base": 0, "height": 1649.1}, "geometry": {"type": "Polygon", "coordinates": [[[16.163706494209812, 48.24111662467634], [16.163097007077944, 48.24131008280548], [16.162920961483692, 48.2410670939576], [16.163530449281335, 48.24087363582845], [16.163706494209812, 48.24111662467634]]]}}, {"type": "Feature", "properties": {"base": 0, "height": 1651.8}, "geometry": {"type": "Polygon", "coordinates": [[[16.163097007077944, 48.24131008280548], [16.162487515336103, 48.2415035377136], [16.162311469076077, 48.24126054886571], [16.162920961483692, 48.2410670939576], [16.163097007077944, 48.24131008280548]]]}}, {"type": "Feature", "properties": {"base": 0, "height": 1654.5}, "geometry": {"type": "Polygon", "coordinates": [[[16.162487515336103, 48.2415035377136], [16.16187801898431, 48.241696989400644], [16.16170197205852, 48.24145400055275], [16.162311469076077, 48.24126054886571], [16.162487515336103, 48.2415035377136]]]}}, {"type": "Feature", "properties": {"base": 0, "height": 1657.2}, "geometry": {"type": "Polygon", "coordinates": [[[16.16187801898431, 48.241696989400644], [16.16126851802256, 48.24189043786658], [16.161092470431008, 48.241647449018686], [16.16170197205852, 48.24145400055275], [16.16187801898431, 48.241696989400644]]]}}, {"type": "Feature", "properties": {"base": 0, "height": 1659.9}, "geometry": {"type": "Polygon", "coordinates": [[[16.16126851802256, 48.24189043786658], [16.16065901245088, 48.24208388311132], [16.160482964193566, 48.24184089426343], [16.161092470431008, 48.241647449018686], [16.16126851802256, 48.24189043786658]]]}}, {"type": "Feature", "properties": {"base": 0, "height": 1662.7}, "geometry": {"type": "Polygon", "coordinates": [[[16.16065901245088, 48.24208388311132], [16.160049502269267, 48.24227732513486], [16.159873453346197, 48.24203433628697], [16.160482964193566, 48.24184089426343], [16.16065901245088, 48.24208388311132]]]}}, {"type": "Feature", "properties": {"base": 0, "height": 1665.4}, "geometry": {"type": "Polygon", "coordinates": [[[16.160049502269267, 48.24227732513486], [16.159439987477736, 48.242470763937135], [16.159263937888912, 48.24222777508925], [16.159873453346197, 48.24203433628697], [16.160049502269267, 48.24227732513486]]]}}, {"type": "Feature", "properties": {"base": 0, "height": 1668.1}, "geometry": {"type": "Polygon", "coordinates": [[[16.159439987477736, 48.242470763937135], [16.15883046807631, 48.2426641995181], [16.15865441782174, 48.24242121067021], [16.159263937888912, 48.24222777508925], [16.159439987477736, 48.242470763937135]]]}}, {"type": "Feature", "properties": {"base": 0, "height": 1670.8}, "geometry": {"type": "Polygon", "coordinates": [[[16.15883046807631, 48.2426641995181], [16.158220944064976, 48.24285763187772], [16.158044893144663, 48.242614643029825], [16.15865441782174, 48.24242121067021], [16.15883046807631, 48.2426641995181]]]}}, {"type": "Feature", "properties": {"base": 0, "height": 1673.5}, "geometry": {"type": "Polygon", "coordinates": [[[16.158220944064976, 48.24285763187772], [16.157611415443757, 48.243051061015926], [16.157435363857704, 48.24280807216803], [16.158044893144663, 48.242614643029825], [16.158220944064976, 48.24285763187772]]]}}, {"type": "Feature", "properties": {"base": 0, "height": 1676.2}, "geometry": {"type": "Polygon", "coordinates": [[[16.157611415443757, 48.243051061015926], [16.157001882212672, 48.2432444869327], [16.156825829960884, 48.24300149808482], [16.157435363857704, 48.24280807216803], [16.157611415443757, 48.243051061015926]]]}}, {"type": "Feature", "properties": {"base": 0, "height": 1678.9}, "geometry": {"type": "Polygon", "coordinates": [[[16.157001882212672, 48.2432444869327], [16.15639234437171, 48.243437909627986], [16.156216291454193, 48.24319492078011], [16.156825829960884, 48.24300149808482], [16.157001882212672, 48.2432444869327]]]}}, {"type": "Feature", "properties": {"base": 0, "height": 1681.6}, "geometry": {"type": "Polygon", "coordinates": [[[16.15639234437171, 48.243437909627986], [16.155782801920903, 48.243631329101724], [16.155606748337657, 48.24338834025385], [16.156216291454193, 48.24319492078011], [16.15639234437171, 48.243437909627986]]]}}, {"type": "Feature", "properties": {"base": 0, "height": 1684.3}, "geometry": {"type": "Polygon", "coordinates": [[[16.155782801920903, 48.243631329101724], [16.15517325486025, 48.2438247453539], [16.15499720061128, 48.243581756506], [16.155606748337657, 48.24338834025385], [16.155782801920903, 48.243631329101724]]]}}, {"type": "Feature", "properties": {"base": 0, "height": 1687.0}, "geometry": {"type": "Polygon", "coordinates": [[[16.15517325486025, 48.2438247453539], [16.154563703189776, 48.244018158384414], [16.15438764827509, 48.24377516953652], [16.15499720061128, 48.243581756506], [16.15517325486025, 48.2438247453539]]]}}, {"type": "Feature", "properties": {"base": 0, "height": 1689.7}, "geometry": {"type": "Polygon", "coordinates": [[[16.154563703189776, 48.244018158384414], [16.153954146909467, 48.24421156819326], [16.153778091329066, 48.243968579345356], [16.15438764827509, 48.24377516953652], [16.154563703189776, 48.244018158384414]]]}}, {"type": "Feature", "properties": {"base": 0, "height": 1692.4}, "geometry": {"type": "Polygon", "coordinates": [[[16.153954146909467, 48.24421156819326], [16.15334458601935, 48.244404974780366], [16.15316852977324, 48.244161985932486], [16.153778091329066, 48.243968579345356], [16.153954146909467, 48.24421156819326]]]}}, {"type": "Feature", "properties": {"base": 0, "height": 1695.1}, "geometry": {"type": "Polygon", "coordinates": [[[16.15334458601935, 48.244404974780366], [16.152735020519433, 48.24459837814574], [16.15255896360761, 48.24435538929786], [16.15316852977324, 48.244161985932486], [16.15334458601935, 48.244404974780366]]]}}, {"type": "Feature", "properties": {"base": 0, "height": 1697.9}, "geometry": {"type": "Polygon", "coordinates": [[[16.152735020519433, 48.24459837814574], [16.152125450409727, 48.24479177828927], [16.151949392832204, 48.24454878944139], [16.15255896360761, 48.24435538929786], [16.152735020519433, 48.24459837814574]]]}}, {"type": "Feature", "properties": {"base": 0, "height": 1700.6}, "geometry": {"type": "Polygon", "coordinates": [[[16.152125450409727, 48.24479177828927], [16.151515875690247, 48.24498517521096], [16.15133981744702, 48.24474218636308], [16.151949392832204, 48.24454878944139], [16.152125450409727, 48.24479177828927]]]}}, {"type": "Feature", "properties": {"base": 0, "height": 1703.3}, "geometry": {"type": "Polygon", "coordinates": [[[16.151515875690247, 48.24498517521096], [16.15090629636099, 48.24517856891074], [16.150730237452073, 48.24493558006285], [16.15133981744702, 48.24474218636308], [16.151515875690247, 48.24498517521096]]]}}, {"type": "Feature", "properties": {"base": 0, "height": 1706.0}, "geometry": {"type": "Polygon", "coordinates": [[[16.15090629636099, 48.24517856891074], [16.15029671242198, 48.24537195938855], [16.15012065284737, 48.24512897054066], [16.150730237452073, 48.24493558006285], [16.15090629636099, 48.24517856891074]]]}}, {"type": "Feature", "properties": {"base": 0, "height": 1708.7}, "geometry": {"type": "Polygon", "coordinates": [[[16.15029671242198, 48.24537195938855], [16.149687123873218, 48.245565346644355], [16.149511063632925, 48.24532235779648], [16.15012065284737, 48.24512897054066], [16.15029671242198, 48.24537195938855]]]}}, {"type": "Feature", "properties": {"base": 0, "height": 1711.4}, "geometry": {"type": "Polygon", "coordinates": [[[16.149687123873218, 48.245565346644355], [16.149077530714727, 48.24575873067811], [16.14890146980875, 48.24551574183024], [16.149511063632925, 48.24532235779648], [16.149687123873218, 48.245565346644355]]]}}, {"type": "Feature", "properties": {"base": 0, "height": 1714.1}, "geometry": {"type": "Polygon", "coordinates": [[[16.149077530714727, 48.24575873067811], [16.148467932946506, 48.24595211148981], [16.148291871374852, 48.24570912264191], [16.14890146980875, 48.24551574183024], [16.149077530714727, 48.24575873067811]]]}}, {"type": "Feature", "properties": {"base": 0, "height": 1716.8}, "geometry": {"type": "Polygon", "coordinates": [[[16.148467932946506, 48.24595211148981], [16.14785833056857, 48.24614548907934], [16.147682268331238, 48.245902500231445], [16.148291871374852, 48.24570912264191], [16.148467932946506, 48.24595211148981]]]}}, {"type": "Feature", "properties": {"base": 0, "height": 1719.5}, "geometry": {"type": "Polygon", "coordinates": [[[16.14785833056857, 48.24614548907934], [16.147248723580926, 48.24633886344668], [16.147072660677928, 48.24609587459879], [16.147682268331238, 48.245902500231445], [16.14785833056857, 48.24614548907934]]]}}, {"type": "Feature", "properties": {"base": 0, "height": 1722.2}, "geometry": {"type": "Polygon", "coordinates": [[[16.147248723580926, 48.24633886344668], [16.146639111983585, 48.246532234591804], [16.14646304841492, 48.246289245743924], [16.147072660677928, 48.24609587459879], [16.147248723580926, 48.24633886344668]]]}}, {"type": "Feature", "properties": {"base": 0, "height": 1724.9}, "geometry": {"type": "Polygon", "coordinates": [[[16.146639111983585, 48.246532234591804], [16.146029495776574, 48.24672560251464], [16.145853431542243, 48.24648261366676], [16.14646304841492, 48.246289245743924], [16.146639111983585, 48.246532234591804]]]}}, {"type": "Feature", "properties": {"base": 0, "height": 1727.6}, "geometry": {"type": "Polygon", "coordinates": [[[16.146029495776574, 48.24672560251464], [16.145419874959874, 48.24691896721517], [16.14524381005989, 48.246675978367286], [16.145853431542243, 48.24648261366676], [16.146029495776574, 48.24672560251464]]]}}, {"type": "Feature", "properties": {"base": 0, "height": 1730.4}, "geometry": {"type": "Polygon", "coordinates": [[[16.145419874959874, 48.24691896721517], [16.144810249533517, 48.247112328693305], [16.144634183967877, 48.24686933984541], [16.14524381005989, 48.246675978367286], [16.145419874959874, 48.24691896721517]]]}}, {"type": "Feature", "properties": {"base": 0, "height": 1733.1}, "geometry": {"type": "Polygon", "coordinates": [[[16.144810249533517, 48.247112328693305], [16.144200619497518, 48.24730568694901], [16.144024553266224, 48.24706269810114], [16.144634183967877, 48.24686933984541], [16.144810249533517, 48.247112328693305]]]}}, {"type": "Feature", "properties": {"base": 0, "height": 1735.8}, "geometry": {"type": "Polygon", "coordinates": [[[16.144200619497518, 48.24730568694901], [16.14359098485187, 48.24749904198229], [16.14341491795493, 48.2472560531344], [16.144024553266224, 48.24706269810114], [16.144200619497518, 48.24730568694901]]]}}, {"type": "Feature", "properties": {"base": 0, "height": 1738.5}, "geometry": {"type": "Polygon", "coordinates": [[[16.14359098485187, 48.24749904198229], [16.142981345596592, 48.24769239379304], [16.142805278034007, 48.247449404945144], [16.14341491795493, 48.2472560531344], [16.14359098485187, 48.24749904198229]]]}}, {"type": "Feature", "properties": {"base": 0, "height": 1741.2}, "geometry": {"type": "Polygon", "coordinates": [[[16.142981345596592, 48.24769239379304], [16.14237170173169, 48.247885742381236], [16.142195633503473, 48.24764275353335], [16.142805278034007, 48.247449404945144], [16.142981345596592, 48.24769239379304]]]}}, {"type": "Feature", "properties": {"base": 0, "height": 1743.9}, "geometry": {"type": "Polygon", "coordinates": [[[16.14237170173169, 48.247885742381236], [16.141762053257192, 48.24807908774682], [16.14158598436334, 48.24783609889894], [16.142195633503473, 48.24764275353335], [16.14237170173169, 48.247885742381236]]]}}, {"type": "Feature", "properties": {"base": 0, "height": 1746.6}, "geometry": {"type": "Polygon", "coordinates": [[[16.141762053257192, 48.24807908774682], [16.141152400173087, 48.24827242988978], [16.140976330613604, 48.248029441041886], [16.14158598436334, 48.24783609889894], [16.141762053257192, 48.24807908774682]]]}}, {"type": "Feature", "properties": {"base": 0, "height": 1749.3}, "geometry": {"type": "Polygon", "coordinates": [[[16.141152400173087, 48.24827242988978], [16.140542742479393, 48.24846576881003], [16.140366672254284, 48.248222779962134], [16.140976330613604, 48.248029441041886], [16.141152400173087, 48.24827242988978]]]}}, {"type": "Feature", "properties": {"base": 0, "height": 1752.0}, "geometry": {"type": "Polygon", "coordinates": [[[16.140542742479393, 48.24846576881003], [16.139933080176124, 48.248659104507546], [16.139757009285393, 48.24841611565965], [16.140366672254284, 48.248222779962134], [16.140542742479393, 48.24846576881003]]]}}, {"type": "Feature", "properties": {"base": 0, "height": 1754.7}, "geometry": {"type": "Polygon", "coordinates": [[[16.139933080176124, 48.248659104507546], [16.139323413263288, 48.24885243698226], [16.13914734170694, 48.248609448134374], [16.139757009285393, 48.24841611565965], [16.139933080176124, 48.248659104507546]]]}}, {"type": "Feature", "properties": {"base": 0, "height": 1757.4}, "geometry": {"type": "Polygon", "coordinates": [[[16.139323413263288, 48.24885243698226], [16.1387137417409, 48.24904576623416], [16.13853766951894, 48.248802777386274], [16.13914734170694, 48.248609448134374], [16.139323413263288, 48.24885243698226]]]}}, {"type": "Feature", "properties": {"base": 0, "height": 1760.1}, "geometry": {"type": "Polygon", "coordinates": [[[16.1387137417409, 48.24904576623416], [16.138104065608967, 48.24923909226317], [16.137927992721394, 48.248996103415294], [16.13853766951894, 48.248802777386274], [16.1387137417409, 48.24904576623416]]]}}, {"type": "Feature", "properties": {"base": 0, "height": 1762.8}, "geometry": {"type": "Polygon", "coordinates": [[[16.138104065608967, 48.24923909226317], [16.137494384867495, 48.24943241506926], [16.137318311314317, 48.24918942622137], [16.137927992721394, 48.248996103415294], [16.138104065608967, 48.24923909226317]]]}}, {"type": "Feature", "properties": {"base": 0, "height": 1765.6}, "geometry": {"type": "Polygon", "coordinates": [[[16.137494384867495, 48.24943241506926], [16.136884699516504, 48.24962573465237], [16.136708625297725, 48.24938274580448], [16.137318311314317, 48.24918942622137], [16.137494384867495, 48.24943241506926]]]}}, {"type": "Feature", "properties": {"base": 0, "height": 1768.3}, "geometry": {"type": "Polygon", "coordinates": [[[16.136884699516504, 48.24962573465237], [16.136275009555995, 48.24981905101246], [16.13609893467162, 48.24957606216457], [16.136708625297725, 48.24938274580448], [16.136884699516504, 48.24962573465237]]]}}, {"type": "Feature", "properties": {"base": 0, "height": 1771.0}, "geometry": {"type": "Polygon", "coordinates": [[[16.136275009555995, 48.24981905101246], [16.13566531498599, 48.250012364149484], [16.13548923943602, 48.2497693753016], [16.13609893467162, 48.24957606216457], [16.136275009555995, 48.24981905101246]]]}}, {"type": "Feature", "properties": {"base": 0, "height": 1773.7}, "geometry": {"type": "Polygon", "coordinates": [[[16.13566531498599, 48.250012364149484], [16.13505561580649, 48.25020567406342], [16.13487953959093, 48.249962685215536], [16.13548923943602, 48.2497693753016], [16.13566531498599, 48.250012364149484]]]}}, {"type": "Feature", "properties": {"base": 0, "height": 1776.4}, "geometry": {"type": "Polygon", "coordinates": [[[16.13505561580649, 48.25020567406342], [16.134445912017508, 48.25039898075418], [16.134269835136365, 48.250155991906304], [16.13487953959093, 48.249962685215536], [16.13505561580649, 48.25020567406342]]]}}, {"type": "Feature", "properties": {"base": 0, "height": 1779.1}, "geometry": {"type": "Polygon", "coordinates": [[[16.134445912017508, 48.25039898075418], [16.133836203619058, 48.250592284221725], [16.133660126072332, 48.25034929537384], [16.134269835136365, 48.250155991906304], [16.134445912017508, 48.25039898075418]]]}}, {"type": "Feature", "properties": {"base": 0, "height": 1781.8}, "geometry": {"type": "Polygon", "coordinates": [[[16.133836203619058, 48.250592284221725], [16.133226490611147, 48.25078558446604], [16.13305041239885, 48.25054259561814], [16.133660126072332, 48.25034929537384], [16.133836203619058, 48.250592284221725]]]}}, {"type": "Feature", "properties": {"base": 0, "height": 1784.5}, "geometry": {"type": "Polygon", "coordinates": [[[16.133226490611147, 48.25078558446604], [16.132616772993785, 48.250978881487065], [16.13244069411591, 48.25073589263916], [16.13305041239885, 48.25054259561814], [16.133226490611147, 48.25078558446604]]]}}, {"type": "Feature", "properties": {"base": 0, "height": 1787.2}, "geometry": {"type": "Polygon", "coordinates": [[[16.132616772993785, 48.250978881487065], [16.132007050766994, 48.25117217528472], [16.13183097122355, 48.25092918643684], [16.13244069411591, 48.25073589263916], [16.132616772993785, 48.250978881487065]]]}}, {"type": "Feature", "properties": {"base": 0, "height": 1789.9}, "geometry": {"type": "Polygon", "coordinates": [[[16.132007050766994, 48.25117217528472], [16.131397323930766, 48.25136546585901], [16.131221243721757, 48.25112247701112], [16.13183097122355, 48.25092918643684], [16.132007050766994, 48.25117217528472]]]}}, {"type": "Feature", "properties": {"base": 0, "height": 1792.6}, "geometry": {"type": "Polygon", "coordinates": [[[16.131397323930766, 48.25136546585901], [16.13078759248513, 48.251558753209856], [16.13061151161056, 48.25131576436196], [16.131221243721757, 48.25112247701112], [16.131397323930766, 48.25136546585901]]]}}, {"type": "Feature", "properties": {"base": 0, "height": 1795.3}, "geometry": {"type": "Polygon", "coordinates": [[[16.13078759248513, 48.251558753209856], [16.13017785643008, 48.251752037337226], [16.13000177488996, 48.251509048489346], [16.13061151161056, 48.25131576436196], [16.13078759248513, 48.251558753209856]]]}}, {"type": "Feature", "properties": {"base": 0, "height": 1798.0}, "geometry": {"type": "Polygon", "coordinates": [[[16.13017785643008, 48.251752037337226], [16.12956811576564, 48.251945318241056], [16.129392033559963, 48.251702329393176], [16.13000177488996, 48.251509048489346], [16.13017785643008, 48.251752037337226]]]}}, {"type": "Feature", "properties": {"base": 0, "height": 1800.8}, "geometry": {"type": "Polygon", "coordinates": [[[16.12956811576564, 48.251945318241056], [16.128958370491816, 48.25213859592132], [16.128782287620584, 48.251895607073436], [16.129392033559963, 48.251702329393176], [16.12956811576564, 48.251945318241056]]]}}, {"type": "Feature", "properties": {"base": 0, "height": 1803.5}, "geometry": {"type": "Polygon", "coordinates": [[[16.128958370491816, 48.25213859592132], [16.128348620608616, 48.25233187037796], [16.12817253707184, 48.252088881530085], [16.128782287620584, 48.251895607073436], [16.128958370491816, 48.25213859592132]]]}}, {"type": "Feature", "properties": {"base": 0, "height": 1806.2}, "geometry": {"type": "Polygon", "coordinates": [[[16.128348620608616, 48.25233187037796], [16.127738866116058, 48.25252514161096], [16.127562781913745, 48.25228215276307], [16.12817253707184, 48.252088881530085], [16.128348620608616, 48.25233187037796]]]}}, {"type": "Feature", "properties": {"base": 0, "height": 1808.9}, "geometry": {"type": "Polygon", "coordinates": [[[16.127738866116058, 48.25252514161096], [16.127129107014145, 48.25271840962023], [16.126953022146296, 48.252475420772335], [16.127562781913745, 48.25228215276307], [16.127738866116058, 48.25252514161096]]]}}, {"type": "Feature", "properties": {"base": 0, "height": 1811.6}, "geometry": {"type": "Polygon", "coordinates": [[[16.127129107014145, 48.25271840962023], [16.12651934330289, 48.25291167440574], [16.12634325776951, 48.25266868555785], [16.126953022146296, 48.252475420772335], [16.127129107014145, 48.25271840962023]]]}}, {"type": "Feature", "properties": {"base": 0, "height": 1814.3}, "geometry": {"type": "Polygon", "coordinates": [[[16.12651934330289, 48.25291167440574], [16.125909574982302, 48.253104935967436], [16.125733488783393, 48.25286194711954], [16.12634325776951, 48.25266868555785], [16.12651934330289, 48.25291167440574]]]}}, {"type": "Feature", "properties": {"base": 0, "height": 1817.0}, "geometry": {"type": "Polygon", "coordinates": [[[16.125909574982302, 48.253104935967436], [16.125299802052393, 48.25329819430527], [16.12512371518796, 48.25305520545739], [16.125733488783393, 48.25286194711954], [16.125909574982302, 48.253104935967436]]]}}, {"type": "Feature", "properties": {"base": 0, "height": 1819.7}, "geometry": {"type": "Polygon", "coordinates": [[[16.125299802052393, 48.25329819430527], [16.124690024513182, 48.25349144941925], [16.124513936983227, 48.25324846057136], [16.12512371518796, 48.25305520545739], [16.125299802052393, 48.25329819430527]]]}}, {"type": "Feature", "properties": {"base": 0, "height": 1822.4}, "geometry": {"type": "Polygon", "coordinates": [[[16.124690024513182, 48.25349144941925], [16.12408024236467, 48.253684701309275], [16.123904154169196, 48.25344171246138], [16.124513936983227, 48.25324846057136], [16.124690024513182, 48.25349144941925]]]}}, {"type": "Feature", "properties": {"base": 0, "height": 1825.1}, "geometry": {"type": "Polygon", "coordinates": [[[16.12408024236467, 48.253684701309275], [16.123470455606867, 48.253877949975276], [16.12329436674589, 48.25363496112738], [16.123904154169196, 48.25344171246138], [16.12408024236467, 48.253684701309275]]]}}, {"type": "Feature", "properties": {"base": 0, "height": 1827.8}, "geometry": {"type": "Polygon", "coordinates": [[[16.123470455606867, 48.253877949975276], [16.12286066423979, 48.25407119541726], [16.1226845747133, 48.25382820656937], [16.12329436674589, 48.25363496112738], [16.123470455606867, 48.253877949975276]]]}}, {"type": "Feature", "properties": {"base": 0, "height": 1830.5}, "geometry": {"type": "Polygon", "coordinates": [[[16.12286066423979, 48.25407119541726], [16.122250868263446, 48.25426443763516], [16.12207477807145, 48.25402144878726], [16.1226845747133, 48.25382820656937], [16.12286066423979, 48.25407119541726]]]}}, {"type": "Feature", "properties": {"base": 0, "height": 1833.3}, "geometry": {"type": "Polygon", "coordinates": [[[16.122250868263446, 48.25426443763516], [16.121641067677853, 48.25445767662894], [16.121464976820356, 48.254214687781044], [16.12207477807145, 48.25402144878726], [16.122250868263446, 48.25426443763516]]]}}, {"type": "Feature", "properties": {"base": 0, "height": 1836.0}, "geometry": {"type": "Polygon", "coordinates": [[[16.121641067677853, 48.25445767662894], [16.121031262483008, 48.25465091239855], [16.120855170960017, 48.25440792355066], [16.121464976820356, 48.254214687781044], [16.121641067677853, 48.25445767662894]]]}}, {"type": "Feature", "properties": {"base": 0, "height": 1838.7}, "geometry": {"type": "Polygon", "coordinates": [[[16.121031262483008, 48.25465091239855], [16.12042145267893, 48.25484414494393], [16.12024536049045, 48.25460115609604], [16.120855170960017, 48.25440792355066], [16.121031262483008, 48.25465091239855]]]}}, {"type": "Feature", "properties": {"base": 0, "height": 1841.4}, "geometry": {"type": "Polygon", "coordinates": [[[16.12042145267893, 48.25484414494393], [16.11981163826563, 48.255037374265044], [16.11963554541166, 48.254794385417156], [16.12024536049045, 48.25460115609604], [16.12042145267893, 48.25484414494393]]]}}, {"type": "Feature", "properties": {"base": 0, "height": 1844.1}, "geometry": {"type": "Polygon", "coordinates": [[[16.11981163826563, 48.255037374265044], [16.119201819243116, 48.25523060036183], [16.119025725723663, 48.254987611513954], [16.11963554541166, 48.254794385417156], [16.11981163826563, 48.255037374265044]]]}}, {"type": "Feature", "properties": {"base": 0, "height": 1846.8}, "geometry": {"type": "Polygon", "coordinates": [[[16.119201819243116, 48.25523060036183], [16.118591995611403, 48.255423823234274], [16.11841590142647, 48.25518083438639], [16.119025725723663, 48.254987611513954], [16.119201819243116, 48.25523060036183]]]}}, {"type": "Feature", "properties": {"base": 0, "height": 1849.5}, "geometry": {"type": "Polygon", "coordinates": [[[16.118591995611403, 48.255423823234274], [16.1179821673705, 48.2556170428823], [16.11780607252009, 48.25537405403442], [16.11841590142647, 48.25518083438639], [16.118591995611403, 48.255423823234274]]]}}, {"type": "Feature", "properties": {"base": 0, "height": 1852.2}, "geometry": {"type": "Polygon", "coordinates": [[[16.1179821673705, 48.2556170428823], [16.117372334520415, 48.25581025930589], [16.11719623900453, 48.255567270457995], [16.11780607252009, 48.25537405403442], [16.1179821673705, 48.2556170428823]]]}}, {"type": "Feature", "properties": {"base": 0, "height": 1854.9}, "geometry": {"type": "Polygon", "coordinates": [[[16.117372334520415, 48.25581025930589], [16.116762497061167, 48.25600347250497], [16.11658640087982, 48.25576048365708], [16.11719623900453, 48.255567270457995], [16.117372334520415, 48.25581025930589]]]}}, {"type": "Feature", "properties": {"base": 0, "height": 1857.6}, "geometry": {"type": "Polygon", "coordinates": [[[16.116762497061167, 48.25600347250497], [16.116152654992753, 48.2561966824795], [16.11597655814594, 48.25595369363162], [16.11658640087982, 48.25576048365708], [16.116762497061167, 48.25600347250497]]]}}, {"type": "Feature", "properties": {"base": 0, "height": 1860.3}, "geometry": {"type": "Polygon", "coordinates": [[[16.116152654992753, 48.2561966824795], [16.115542808315197, 48.256389889229446], [16.115366710802927, 48.25614690038155], [16.11597655814594, 48.25595369363162], [16.116152654992753, 48.2561966824795]]]}}, {"type": "Feature", "properties": {"base": 0, "height": 1863.0}, "geometry": {"type": "Polygon", "coordinates": [[[16.115542808315197, 48.256389889229446], [16.1149329570285, 48.25658309275476], [16.11475685885078, 48.25634010390687], [16.115366710802927, 48.25614690038155], [16.115542808315197, 48.256389889229446]]]}}, {"type": "Feature", "properties": {"base": 0, "height": 1865.7}, "geometry": {"type": "Polygon", "coordinates": [[[16.1149329570285, 48.25658309275476], [16.114323101132683, 48.25677629305538], [16.114147002289506, 48.256533304207494], [16.11475685885078, 48.25634010390687], [16.1149329570285, 48.25658309275476]]]}}, {"type": "Feature", "properties": {"base": 0, "height": 1868.5}, "geometry": {"type": "Polygon", "coordinates": [[[16.114323101132683, 48.25677629305538], [16.113713240627746, 48.25696949013127], [16.11353714111912, 48.25672650128339], [16.114147002289506, 48.256533304207494], [16.114323101132683, 48.25677629305538]]]}}, {"type": "Feature", "properties": {"base": 0, "height": 1871.2}, "geometry": {"type": "Polygon", "coordinates": [[[16.113713240627746, 48.25696949013127], [16.113103375513706, 48.25716268398239], [16.112927275339636, 48.2569196951345], [16.11353714111912, 48.25672650128339], [16.113713240627746, 48.25696949013127]]]}}, {"type": "Feature", "properties": {"base": 0, "height": 1873.9}, "geometry": {"type": "Polygon", "coordinates": [[[16.113103375513706, 48.25716268398239], [16.112493505790574, 48.257355874608685], [16.11231740495107, 48.2571128857608], [16.112927275339636, 48.2569196951345], [16.113103375513706, 48.25716268398239]]]}}, {"type": "Feature", "properties": {"base": 0, "height": 1876.6}, "geometry": {"type": "Polygon", "coordinates": [[[16.112493505790574, 48.257355874608685], [16.11188363145836, 48.25754906201012], [16.11170752995342, 48.25730607316223], [16.11231740495107, 48.2571128857608], [16.112493505790574, 48.257355874608685]]]}}, {"type": "Feature", "properties": {"base": 0, "height": 1879.3}, "geometry": {"type": "Polygon", "coordinates": [[[16.11188363145836, 48.25754906201012], [16.11127375251707, 48.257742246186616], [16.1110976503467, 48.257499257338736], [16.11170752995342, 48.25730607316223], [16.11188363145836, 48.25754906201012]]]}}, {"type": "Feature", "properties": {"base": 0, "height": 1882.0}, "geometry": {"type": "Polygon", "coordinates": [[[16.11127375251707, 48.257742246186616], [16.11066386896672, 48.257935427138186], [16.110487766130923, 48.25769243829029], [16.1110976503467, 48.257499257338736], [16.11127375251707, 48.257742246186616]]]}}, {"type": "Feature", "properties": {"base": 0, "height": 1884.7}, "geometry": {"type": "Polygon", "coordinates": [[[16.11066386896672, 48.257935427138186], [16.110053980807322, 48.258128604864716], [16.109877877306104, 48.25788561601682], [16.110487766130923, 48.25769243829029], [16.11066386896672, 48.257935427138186]]]}}, {"type": "Feature", "properties": {"base": 0, "height": 1887.4}, "geometry": {"type": "Polygon", "coordinates": [[[16.110053980807322, 48.258128604864716], [16.109444088038885, 48.2583217793662], [16.109267983872247, 48.258078790518326], [16.109877877306104, 48.25788561601682], [16.110053980807322, 48.258128604864716]]]}}, {"type": "Feature", "properties": {"base": 0, "height": 1890.1}, "geometry": {"type": "Polygon", "coordinates": [[[16.109444088038885, 48.2583217793662], [16.10883419066142, 48.25851495064259], [16.108658085829365, 48.258271961794705], [16.109267983872247, 48.258078790518326], [16.109444088038885, 48.2583217793662]]]}}, {"type": "Feature", "properties": {"base": 0, "height": 1892.8}, "geometry": {"type": "Polygon", "coordinates": [[[16.10883419066142, 48.25851495064259], [16.10822428867494, 48.25870811869384], [16.108048183177477, 48.258465129845945], [16.108658085829365, 48.258271961794705], [16.10883419066142, 48.25851495064259]]]}}, {"type": "Feature", "properties": {"base": 0, "height": 1895.5}, "geometry": {"type": "Polygon", "coordinates": [[[16.10822428867494, 48.25870811869384], [16.107614382079444, 48.2589012835199], [16.107438275916575, 48.258658294672], [16.108048183177477, 48.258465129845945], [16.10822428867494, 48.25870811869384]]]}}, {"type": "Feature", "properties": {"base": 0, "height": 1898.2}, "geometry": {"type": "Polygon", "coordinates": [[[16.107614382079444, 48.2589012835199], [16.107004470874962, 48.25909444512069], [16.106828364046688, 48.2588514562728], [16.107438275916575, 48.258658294672], [16.107614382079444, 48.2589012835199]]]}}, {"type": "Feature", "properties": {"base": 0, "height": 1900.9}, "geometry": {"type": "Polygon", "coordinates": [[[16.107004470874962, 48.25909444512069], [16.106394555061488, 48.25928760349622], [16.10621844756782, 48.25904461464833], [16.106828364046688, 48.2588514562728], [16.107004470874962, 48.25909444512069]]]}}, {"type": "Feature", "properties": {"base": 0, "height": 1903.7}, "geometry": {"type": "Polygon", "coordinates": [[[16.106394555061488, 48.25928760349622], [16.105784634639043, 48.25948075864643], [16.10560852647998, 48.25923776979854], [16.10621844756782, 48.25904461464833], [16.106394555061488, 48.25928760349622]]]}}, {"type": "Feature", "properties": {"base": 0, "height": 1906.4}, "geometry": {"type": "Polygon", "coordinates": [[[16.105784634639043, 48.25948075864643], [16.105174709607635, 48.25967391057124], [16.10499860078318, 48.25943092172335], [16.10560852647998, 48.25923776979854], [16.105784634639043, 48.25948075864643]]]}}, {"type": "Feature", "properties": {"base": 0, "height": 1909.1}, "geometry": {"type": "Polygon", "coordinates": [[[16.105174709607635, 48.25967391057124], [16.10456477996728, 48.259867059270626], [16.10438867047744, 48.25962407042274], [16.10499860078318, 48.25943092172335], [16.105174709607635, 48.25967391057124]]]}}, {"type": "Feature", "properties": {"base": 0, "height": 1911.8}, "geometry": {"type": "Polygon", "coordinates": [[[16.10456477996728, 48.259867059270626], [16.103954845717972, 48.26006020474454], [16.103778735562752, 48.25981721589664], [16.10438867047744, 48.25962407042274], [16.10456477996728, 48.259867059270626]]]}}, {"type": "Feature", "properties": {"base": 0, "height": 1914.5}, "geometry": {"type": "Polygon", "coordinates": [[[16.103954845717972, 48.26006020474454], [16.10334490685974, 48.260253346992954], [16.10316879603914, 48.26001035814506], [16.103778735562752, 48.25981721589664], [16.103954845717972, 48.26006020474454]]]}}, {"type": "Feature", "properties": {"base": 0, "height": 1917.2}, "geometry": {"type": "Polygon", "coordinates": [[[16.10334490685974, 48.260253346992954], [16.10273496339258, 48.260446486015795], [16.102558851906615, 48.260203497167915], [16.10316879603914, 48.26001035814506], [16.10334490685974, 48.260253346992954]]]}}, {"type": "Feature", "properties": {"base": 0, "height": 1919.9}, "geometry": {"type": "Polygon", "coordinates": [[[16.10273496339258, 48.260446486015795], [16.102125015316524, 48.26063962181303], [16.101948903165184, 48.26039663296514], [16.102558851906615, 48.260203497167915], [16.10273496339258, 48.260446486015795]]]}}, {"type": "Feature", "properties": {"base": 0, "height": 1922.6}, "geometry": {"type": "Polygon", "coordinates": [[[16.102125015316524, 48.26063962181303], [16.10151506263156, 48.26083275438461], [16.101338949814856, 48.26058976553672], [16.101948903165184, 48.26039663296514], [16.102125015316524, 48.26063962181303]]]}}, {"type": "Feature", "properties": {"base": 0, "height": 1925.3}, "geometry": {"type": "Polygon", "coordinates": [[[16.10151506263156, 48.26083275438461], [16.100905105337713, 48.2610258837305], [16.100728991855647, 48.2607828948826], [16.101338949814856, 48.26058976553672], [16.10151506263156, 48.26083275438461]]]}}, {"type": "Feature", "properties": {"base": 0, "height": 1928.0}, "geometry": {"type": "Polygon", "coordinates": [[[16.100905105337713, 48.2610258837305], [16.100295143434987, 48.261219009850606], [16.100119029287562, 48.26097602100272], [16.100728991855647, 48.2607828948826], [16.100905105337713, 48.2610258837305]]]}}, {"type": "Feature", "properties": {"base": 0, "height": 1930.7}, "geometry": {"type": "Polygon", "coordinates": [[[16.100295143434987, 48.261219009850606], [16.0996851769234, 48.26141213274495], [16.099509062110624, 48.26116914389706], [16.100119029287562, 48.26097602100272], [16.100295143434987, 48.261219009850606]]]}}, {"type": "Feature", "properties": {"base": 0, "height": 1933.4}, "geometry": {"type": "Polygon", "coordinates": [[[16.0996851769234, 48.26141213274495], [16.099075205802958, 48.26160525241345], [16.09889909032483, 48.26136226356556], [16.099509062110624, 48.26116914389706], [16.0996851769234, 48.26141213274495]]]}}, {"type": "Feature", "properties": {"base": 0, "height": 1936.2}, "geometry": {"type": "Polygon", "coordinates": [[[16.099075205802958, 48.26160525241345], [16.098465230073668, 48.261798368856056], [16.098289113930193, 48.261555380008176], [16.09889909032483, 48.26136226356556], [16.099075205802958, 48.26160525241345]]]}}, {"type": "Feature", "properties": {"base": 0, "height": 1938.9}, "geometry": {"type": "Polygon", "coordinates": [[[16.098465230073668, 48.261798368856056], [16.097855249735552, 48.26199148207274], [16.09767913292674, 48.26174849322486], [16.098289113930193, 48.261555380008176], [16.098465230073668, 48.261798368856056]]]}}, {"type": "Feature", "properties": {"base": 0, "height": 1941.6}, "geometry": {"type": "Polygon", "coordinates": [[[16.097855249735552, 48.26199148207274], [16.097245264788604, 48.26218459206343], [16.097069147314457, 48.26194160321555], [16.09767913292674, 48.26174849322486], [16.097855249735552, 48.26199148207274]]]}}, {"type": "Feature", "properties": {"base": 0, "height": 1944.3}, "geometry": {"type": "Polygon", "coordinates": [[[16.097245264788604, 48.26218459206343], [16.096635275232856, 48.262377698828104], [16.096459157093374, 48.26213470998022], [16.097069147314457, 48.26194160321555], [16.097245264788604, 48.26218459206343]]]}}, {"type": "Feature", "properties": {"base": 0, "height": 1947.0}, "geometry": {"type": "Polygon", "coordinates": [[[16.096635275232856, 48.262377698828104], [16.096025281068304, 48.2625708023667], [16.095849162263494, 48.26232781351882], [16.096459157093374, 48.26213470998022], [16.096635275232856, 48.262377698828104]]]}}, {"type": "Feature", "properties": {"base": 0, "height": 1949.7}, "geometry": {"type": "Polygon", "coordinates": [[[16.096025281068304, 48.2625708023667], [16.095415282294955, 48.26276390267919], [16.095239162824825, 48.262520913831295], [16.095849162263494, 48.26232781351882], [16.096025281068304, 48.2625708023667]]]}}, {"type": "Feature", "properties": {"base": 0, "height": 1952.4}, "geometry": {"type": "Polygon", "coordinates": [[[16.095415282294955, 48.26276390267919], [16.094805278912837, 48.2629569997655], [16.094629158777384, 48.26271401091763], [16.095239162824825, 48.262520913831295], [16.095415282294955, 48.26276390267919]]]}}, {"type": "Feature", "properties": {"base": 0, "height": 1955.1}, "geometry": {"type": "Polygon", "coordinates": [[[16.094805278912837, 48.2629569997655], [16.094195270921954, 48.26315009362563], [16.094019150121184, 48.26290710477774], [16.094629158777384, 48.26271401091763], [16.094805278912837, 48.2629569997655]]]}}, {"type": "Feature", "properties": {"base": 0, "height": 1957.8}, "geometry": {"type": "Polygon", "coordinates": [[[16.094195270921954, 48.26315009362563], [16.093585258322307, 48.26334318425947], [16.093409136856227, 48.26310019541158], [16.094019150121184, 48.26290710477774], [16.094195270921954, 48.26315009362563]]]}}, {"type": "Feature", "properties": {"base": 0, "height": 1960.5}, "geometry": {"type": "Polygon", "coordinates": [[[16.093585258322307, 48.26334318425947], [16.092975241113912, 48.26353627166702], [16.092799118982523, 48.26329328281914], [16.093409136856227, 48.26310019541158], [16.093585258322307, 48.26334318425947]]]}}, {"type": "Feature", "properties": {"base": 0, "height": 1963.2}, "geometry": {"type": "Polygon", "coordinates": [[[16.092975241113912, 48.26353627166702], [16.09236521929679, 48.26372935584821], [16.092189096500096, 48.26348636700034], [16.092799118982523, 48.26329328281914], [16.092975241113912, 48.26353627166702]]]}}, {"type": "Feature", "properties": {"base": 0, "height": 1965.9}, "geometry": {"type": "Polygon", "coordinates": [[[16.09236521929679, 48.26372935584821], [16.09175519287094, 48.263922436803036], [16.091579069408947, 48.26367944795515], [16.092189096500096, 48.26348636700034], [16.09236521929679, 48.26372935584821]]]}}, {"type": "Feature", "properties": {"base": 0, "height": 1968.6}, "geometry": {"type": "Polygon", "coordinates": [[[16.09175519287094, 48.263922436803036], [16.091145161836383, 48.26411551453139], [16.090969037709094, 48.2638725256835], [16.091579069408947, 48.26367944795515], [16.09175519287094, 48.263922436803036]]]}}, {"type": "Feature", "properties": {"base": 0, "height": 1971.4}, "geometry": {"type": "Polygon", "coordinates": [[[16.091145161836383, 48.26411551453139], [16.09053512619312, 48.264308589033256], [16.090359001400536, 48.264065600185376], [16.090969037709094, 48.2638725256835], [16.091145161836383, 48.26411551453139]]]}}, {"type": "Feature", "properties": {"base": 0, "height": 1974.1}, "geometry": {"type": "Polygon", "coordinates": [[[16.09053512619312, 48.264308589033256], [16.089925085941164, 48.26450166030861], [16.089748960483295, 48.26425867146074], [16.090359001400536, 48.264065600185376], [16.09053512619312, 48.264308589033256]]]}}, {"type": "Feature", "properties": {"base": 0, "height": 1976.8}, "geometry": {"type": "Polygon", "coordinates": [[[16.089925085941164, 48.26450166030861], [16.08931504108053, 48.26469472835737], [16.089138914957378, 48.26445173950947], [16.089748960483295, 48.26425867146074], [16.089925085941164, 48.26450166030861]]]}}, {"type": "Feature", "properties": {"base": 0, "height": 1979.5}, "geometry": {"type": "Polygon", "coordinates": [[[16.08931504108053, 48.26469472835737], [16.088704991611223, 48.2648877931795], [16.08852886482279, 48.26464480433161], [16.089138914957378, 48.26445173950947], [16.08931504108053, 48.26469472835737]]]}}, {"type": "Feature", "properties": {"base": 0, "height": 1982.2}, "geometry": {"type": "Polygon", "coordinates": [[[16.088704991611223, 48.2648877931795], [16.08809493753327, 48.26508085477496], [16.08791881007956, 48.26483786592707], [16.08852886482279, 48.26464480433161], [16.088704991611223, 48.2648877931795]]]}}, {"type": "Feature", "properties": {"base": 0, "height": 1984.9}, "geometry": {"type": "Polygon", "coordinates": [[[16.08809493753327, 48.26508085477496], [16.08748487884666, 48.265273913143695], [16.087308750727683, 48.26503092429581], [16.08791881007956, 48.26483786592707], [16.08809493753327, 48.26508085477496]]]}}, {"type": "Feature", "properties": {"base": 0, "height": 1987.6}, "geometry": {"type": "Polygon", "coordinates": [[[16.08748487884666, 48.265273913143695], [16.086874815551415, 48.26546696828566], [16.08669868676717, 48.26522397943778], [16.087308750727683, 48.26503092429581], [16.08748487884666, 48.265273913143695]]]}}, {"type": "Feature", "properties": {"base": 0, "height": 1990.3}, "geometry": {"type": "Polygon", "coordinates": [[[16.086874815551415, 48.26546696828566], [16.08626474764755, 48.26566002020083], [16.08608861819804, 48.26541703135294], [16.08669868676717, 48.26522397943778], [16.086874815551415, 48.26546696828566]]]}}, {"type": "Feature", "properties": {"base": 0, "height": 1993.0}, "geometry": {"type": "Polygon", "coordinates": [[[16.08626474764755, 48.26566002020083], [16.085654675135064, 48.26585306888915], [16.085478545020298, 48.265610080041256], [16.08608861819804, 48.26541703135294], [16.08626474764755, 48.26566002020083]]]}}, {"type": "Feature", "properties": {"base": 0, "height": 1995.7}, "geometry": {"type": "Polygon", "coordinates": [[[16.085654675135064, 48.26585306888915], [16.085044598013976, 48.26604611435053], [16.08486846723395, 48.26580312550264], [16.085478545020298, 48.265610080041256], [16.085654675135064, 48.26585306888915]]]}}, {"type": "Feature", "properties": {"base": 0, "height": 1998.4}, "geometry": {"type": "Polygon", "coordinates": [[[16.085044598013976, 48.26604611435053], [16.084434516284297, 48.266239156585], [16.084258384839025, 48.26599616773711], [16.08486846723395, 48.26580312550264], [16.085044598013976, 48.26604611435053]]]}}, {"type": "Feature", "properties": {"base": 0, "height": 2001.1}, "geometry": {"type": "Polygon", "coordinates": [[[16.084434516284297, 48.266239156585], [16.083824429946038, 48.266432195592444], [16.083648297835516, 48.26618920674456], [16.084258384839025, 48.26599616773711], [16.084434516284297, 48.266239156585]]]}}, {"type": "Feature", "properties": {"base": 0, "height": 2003.8}, "geometry": {"type": "Polygon", "coordinates": [[[16.083824429946038, 48.266432195592444], [16.08321433899921, 48.266625231372856], [16.083038206223442, 48.26638224252498], [16.083648297835516, 48.26618920674456], [16.083824429946038, 48.266432195592444]]]}}, {"type": "Feature", "properties": {"base": 0, "height": 2006.6}, "geometry": {"type": "Polygon", "coordinates": [[[16.08321433899921, 48.266625231372856], [16.082604243443814, 48.26681826392618], [16.082428110002812, 48.2665752750783], [16.083038206223442, 48.26638224252498], [16.08321433899921, 48.266625231372856]]]}}, {"type": "Feature", "properties": {"base": 0, "height": 2009.3}, "geometry": {"type": "Polygon", "coordinates": [[[16.082604243443814, 48.26681826392618], [16.08199414327988, 48.267011293252374], [16.08181800917364, 48.2667683044045], [16.082428110002812, 48.2665752750783], [16.082604243443814, 48.26681826392618]]]}}, {"type": "Feature", "properties": {"base": 0, "height": 2012.0}, "geometry": {"type": "Polygon", "coordinates": [[[16.08199414327988, 48.267011293252374], [16.0813840385074, 48.26720431935138], [16.081207903735933, 48.266961330503506], [16.08181800917364, 48.2667683044045], [16.08199414327988, 48.267011293252374]]]}}, {"type": "Feature", "properties": {"base": 0, "height": 2014.7}, "geometry": {"type": "Polygon", "coordinates": [[[16.0813840385074, 48.26720431935138], [16.0807739291264, 48.267397342223155], [16.080597793689705, 48.267154353375275], [16.081207903735933, 48.266961330503506], [16.0813840385074, 48.26720431935138]]]}}, {"type": "Feature", "properties": {"base": 0, "height": 2017.4}, "geometry": {"type": "Polygon", "coordinates": [[[16.0807739291264, 48.267397342223155], [16.080163815136885, 48.267590361867654], [16.079987679034964, 48.26734737301978], [16.080597793689705, 48.267154353375275], [16.0807739291264, 48.267397342223155]]]}}, {"type": "Feature", "properties": {"base": 0, "height": 2020.1}, "geometry": {"type": "Polygon", "coordinates": [[[16.080163815136885, 48.267590361867654], [16.07955369653886, 48.26778337828483], [16.079377559771725, 48.26754038943696], [16.079987679034964, 48.26734737301978], [16.080163815136885, 48.267590361867654]]]}}, {"type": "Feature", "properties": {"base": 0, "height": 2022.8}, "geometry": {"type": "Polygon", "coordinates": [[[16.07955369653886, 48.26778337828483], [16.078943573332346, 48.26797639147464], [16.078767435899998, 48.26773340262675], [16.079377559771725, 48.26754038943696], [16.07955369653886, 48.26778337828483]]]}}, {"type": "Feature", "properties": {"base": 0, "height": 2025.5}, "geometry": {"type": "Polygon", "coordinates": [[[16.078943573332346, 48.26797639147464], [16.078333445517345, 48.268169401437035], [16.07815730741979, 48.267926412589155], [16.078767435899998, 48.26773340262675], [16.078943573332346, 48.26797639147464]]]}}, {"type": "Feature", "properties": {"base": 0, "height": 2028.2}, "geometry": {"type": "Polygon", "coordinates": [[[16.078333445517345, 48.268169401437035], [16.077723313093877, 48.268362408171974], [16.077547174331116, 48.268119419324094], [16.07815730741979, 48.267926412589155], [16.078333445517345, 48.268169401437035]]]}}, {"type": "Feature", "properties": {"base": 0, "height": 2030.9}, "geometry": {"type": "Polygon", "coordinates": [[[16.077723313093877, 48.268362408171974], [16.077113176061946, 48.26855541167941], [16.07693703663398, 48.26831242283153], [16.077547174331116, 48.268119419324094], [16.077723313093877, 48.268362408171974]]]}}, {"type": "Feature", "properties": {"base": 0, "height": 2033.6}, "geometry": {"type": "Polygon", "coordinates": [[[16.077113176061946, 48.26855541167941], [16.076503034421567, 48.2687484119593], [16.076326894328403, 48.26850542311142], [16.07693703663398, 48.26831242283153], [16.077113176061946, 48.26855541167941]]]}}, {"type": "Feature", "properties": {"base": 0, "height": 2036.3}, "geometry": {"type": "Polygon", "coordinates": [[[16.076503034421567, 48.2687484119593], [16.07589288817275, 48.268941409011596], [16.075716747414393, 48.268698420163716], [16.076326894328403, 48.26850542311142], [16.076503034421567, 48.2687484119593]]]}}, {"type": "Feature", "properties": {"base": 0, "height": 2039.1}, "geometry": {"type": "Polygon", "coordinates": [[[16.07589288817275, 48.268941409011596], [16.075282737315504, 48.269134402836244], [16.075106595891956, 48.26889141398835], [16.075716747414393, 48.268698420163716], [16.07589288817275, 48.268941409011596]]]}}, {"type": "Feature", "properties": {"base": 0, "height": 2041.8}, "geometry": {"type": "Polygon", "coordinates": [[[16.075282737315504, 48.269134402836244], [16.074672581849835, 48.269327393433194], [16.07449643976111, 48.26908440458531], [16.075106595891956, 48.26889141398835], [16.075282737315504, 48.269134402836244]]]}}, {"type": "Feature", "properties": {"base": 0, "height": 2044.5}, "geometry": {"type": "Polygon", "coordinates": [[[16.074672581849835, 48.269327393433194], [16.074062421775775, 48.26952038080241], [16.073886279021863, 48.26927739195452], [16.07449643976111, 48.26908440458531], [16.074672581849835, 48.269327393433194]]]}}, {"type": "Feature", "properties": {"base": 0, "height": 2047.2}, "geometry": {"type": "Polygon", "coordinates": [[[16.074062421775775, 48.26952038080241], [16.073452257093315, 48.269713364943826], [16.073276113674225, 48.26947037609595], [16.073886279021863, 48.26927739195452], [16.074062421775775, 48.26952038080241]]]}}, {"type": "Feature", "properties": {"base": 0, "height": 2049.9}, "geometry": {"type": "Polygon", "coordinates": [[[16.073452257093315, 48.269713364943826], [16.072842087802464, 48.269906345857436], [16.072665943718203, 48.26966335700954], [16.073276113674225, 48.26947037609595], [16.073452257093315, 48.269713364943826]]]}}, {"type": "Feature", "properties": {"base": 0, "height": 2052.6}, "geometry": {"type": "Polygon", "coordinates": [[[16.072842087802464, 48.269906345857436], [16.072231913903245, 48.270099323543164], [16.072055769153813, 48.26985633469527], [16.072665943718203, 48.26966335700954], [16.072842087802464, 48.269906345857436]]]}}, {"type": "Feature", "properties": {"base": 0, "height": 2055.3}, "geometry": {"type": "Polygon", "coordinates": [[[16.072231913903245, 48.270099323543164], [16.071621735395667, 48.27029229800097], [16.071445589981074, 48.27004930915308], [16.072055769153813, 48.26985633469527], [16.072231913903245, 48.270099323543164]]]}}, {"type": "Feature", "properties": {"base": 0, "height": 2058.0}, "geometry": {"type": "Polygon", "coordinates": [[[16.071621735395667, 48.27029229800097], [16.07101155227974, 48.270485269230804], [16.070835406199986, 48.27024228038292], [16.071445589981074, 48.27004930915308], [16.071621735395667, 48.27029229800097]]]}}, {"type": "Feature", "properties": {"base": 0, "height": 2060.7}, "geometry": {"type": "Polygon", "coordinates": [[[16.07101155227974, 48.270485269230804], [16.07040136455547, 48.27067823723261], [16.07022521781056, 48.27043524838473], [16.070835406199986, 48.27024228038292], [16.07101155227974, 48.270485269230804]]]}}, {"type": "Feature", "properties": {"base": 0, "height": 2063.4}, "geometry": {"type": "Polygon", "coordinates": [[[16.07040136455547, 48.27067823723261], [16.06979117222287, 48.27087120200638], [16.06961502481281, 48.27062821315849], [16.07022521781056, 48.27043524838473], [16.07040136455547, 48.27067823723261]]]}}, {"type": "Feature", "properties": {"base": 0, "height": 2066.1}, "geometry": {"type": "Polygon", "coordinates": [[[16.06979117222287, 48.27087120200638], [16.06918097528196, 48.27106416355203], [16.069004827206747, 48.27082117470415], [16.06961502481281, 48.27062821315849], [16.06979117222287, 48.27087120200638]]]}}, {"type": "Feature", "properties": {"base": 0, "height": 2068.8}, "geometry": {"type": "Polygon", "coordinates": [[[16.06918097528196, 48.27106416355203], [16.06857077373274, 48.271257121869525], [16.068394624992386, 48.27101413302164], [16.069004827206747, 48.27082117470415], [16.06918097528196, 48.27106416355203]]]}}, {"type": "Feature", "properties": {"base": 0, "height": 2071.5}, "geometry": {"type": "Polygon", "coordinates": [[[16.06857077373274, 48.271257121869525], [16.067960567575227, 48.271450076958814], [16.06778441816973, 48.271207088110934], [16.068394624992386, 48.27101413302164], [16.06857077373274, 48.271257121869525]]]}}, {"type": "Feature", "properties": {"base": 0, "height": 2074.3}, "geometry": {"type": "Polygon", "coordinates": [[[16.067960567575227, 48.271450076958814], [16.067350356809428, 48.27164302881987], [16.067174206738798, 48.27140003997199], [16.06778441816973, 48.271207088110934], [16.067960567575227, 48.271450076958814]]]}}, {"type": "Feature", "properties": {"base": 0, "height": 2077.0}, "geometry": {"type": "Polygon", "coordinates": [[[16.067350356809428, 48.27164302881987], [16.066740141435353, 48.27183597745263], [16.066563990699592, 48.27159298860476], [16.067174206738798, 48.27140003997199], [16.067350356809428, 48.27164302881987]]]}}, {"type": "Feature", "properties": {"base": 0, "height": 2079.7}, "geometry": {"type": "Polygon", "coordinates": [[[16.066740141435353, 48.27183597745263], [16.066129921453022, 48.27202892285707], [16.06595377005213, 48.27178593400917], [16.066563990699592, 48.27159298860476], [16.066740141435353, 48.27183597745263]]]}}, {"type": "Feature", "properties": {"base": 0, "height": 2082.4}, "geometry": {"type": "Polygon", "coordinates": [[[16.066129921453022, 48.27202892285707], [16.065519696862435, 48.272221865033096], [16.06534354479642, 48.27197887618521], [16.06595377005213, 48.27178593400917], [16.066129921453022, 48.27202892285707]]]}}, {"type": "Feature", "properties": {"base": 0, "height": 2085.1}, "geometry": {"type": "Polygon", "coordinates": [[[16.065519696862435, 48.272221865033096], [16.06490946766361, 48.2724148039807], [16.064733314932475, 48.2721718151328], [16.06534354479642, 48.27197887618521], [16.065519696862435, 48.272221865033096]]]}}, {"type": "Feature", "properties": {"base": 0, "height": 2087.8}, "geometry": {"type": "Polygon", "coordinates": [[[16.06490946766361, 48.2724148039807], [16.06429923385656, 48.27260773969983], [16.064123080460305, 48.27236475085195], [16.064733314932475, 48.2721718151328], [16.06490946766361, 48.2724148039807]]]}}, {"type": "Feature", "properties": {"base": 0, "height": 2090.5}, "geometry": {"type": "Polygon", "coordinates": [[[16.06429923385656, 48.27260773969983], [16.06368899544129, 48.272800672190435], [16.06351284137993, 48.27255768334255], [16.064123080460305, 48.27236475085195], [16.06429923385656, 48.27260773969983]]]}}, {"type": "Feature", "properties": {"base": 0, "height": 2093.2}, "geometry": {"type": "Polygon", "coordinates": [[[16.06368899544129, 48.272800672190435], [16.06307875241781, 48.27299360145246], [16.06290259769134, 48.272750612604575], [16.06351284137993, 48.27255768334255], [16.06368899544129, 48.272800672190435]]]}}, {"type": "Feature", "properties": {"base": 0, "height": 2095.9}, "geometry": {"type": "Polygon", "coordinates": [[[16.06307875241781, 48.27299360145246], [16.06246850478614, 48.273186527485876], [16.062292349394564, 48.272943538638], [16.06290259769134, 48.272750612604575], [16.06307875241781, 48.27299360145246]]]}}, {"type": "Feature", "properties": {"base": 0, "height": 2098.6}, "geometry": {"type": "Polygon", "coordinates": [[[16.06246850478614, 48.273186527485876], [16.061858252546283, 48.27337945029065], [16.061682096489616, 48.27313646144275], [16.062292349394564, 48.272943538638], [16.06246850478614, 48.273186527485876]]]}}, {"type": "Feature", "properties": {"base": 0, "height": 2101.3}, "geometry": {"type": "Polygon", "coordinates": [[[16.061858252546283, 48.27337945029065], [16.061247995698253, 48.2735723698667], [16.06107183897649, 48.27332938101882], [16.061682096489616, 48.27313646144275], [16.061858252546283, 48.27337945029065]]]}}, {"type": "Feature", "properties": {"base": 0, "height": 2104.0}, "geometry": {"type": "Polygon", "coordinates": [[[16.061247995698253, 48.2735723698667], [16.06063773424206, 48.27376528621399], [16.060461576855204, 48.27352229736609], [16.06107183897649, 48.27332938101882], [16.061247995698253, 48.2735723698667]]]}}, {"type": "Feature", "properties": {"base": 0, "height": 2106.7}, "geometry": {"type": "Polygon", "coordinates": [[[16.06063773424206, 48.27376528621399], [16.06002746817771, 48.273958199332476], [16.05985131012577, 48.27371521048458], [16.060461576855204, 48.27352229736609], [16.06063773424206, 48.27376528621399]]]}}, {"type": "Feature", "properties": {"base": 0, "height": 2109.5}, "geometry": {"type": "Polygon", "coordinates": [[[16.06002746817771, 48.273958199332476], [16.05941719750523, 48.274151109222124], [16.059241038788205, 48.273908120374244], [16.05985131012577, 48.27371521048458], [16.06002746817771, 48.273958199332476]]]}}, {"type": "Feature", "properties": {"base": 0, "height": 2112.2}, "geometry": {"type": "Polygon", "coordinates": [[[16.05941719750523, 48.274151109222124], [16.058806922224623, 48.27434401588288], [16.058630762842515, 48.274101027034995], [16.059241038788205, 48.273908120374244], [16.05941719750523, 48.274151109222124]]]}}, {"type": "Feature", "properties": {"base": 0, "height": 2114.9}, "geometry": {"type": "Polygon", "coordinates": [[[16.058806922224623, 48.27434401588288], [16.058196642335886, 48.2745369193147], [16.058020482288708, 48.274293930466804], [16.058630762842515, 48.274101027034995], [16.058806922224623, 48.27434401588288]]]}}, {"type": "Feature", "properties": {"base": 0, "height": 2117.6}, "geometry": {"type": "Polygon", "coordinates": [[[16.058196642335886, 48.2745369193147], [16.057586357839057, 48.27472981951751], [16.057410197126806, 48.274486830669616], [16.058020482288708, 48.274293930466804], [16.058196642335886, 48.2745369193147]]]}}, {"type": "Feature", "properties": {"base": 0, "height": 2120.3}, "geometry": {"type": "Polygon", "coordinates": [[[16.057586357839057, 48.27472981951751], [16.056976068734123, 48.274922716491304], [16.056799907356805, 48.27467972764342], [16.057410197126806, 48.274486830669616], [16.057586357839057, 48.27472981951751]]]}}, {"type": "Feature", "properties": {"base": 0, "height": 2123.0}, "geometry": {"type": "Polygon", "coordinates": [[[16.056976068734123, 48.274922716491304], [16.056365775021106, 48.275115610236014], [16.05618961297873, 48.27487262138813], [16.056799907356805, 48.27467972764342], [16.056976068734123, 48.274922716491304]]]}}, {"type": "Feature", "properties": {"base": 0, "height": 2125.7}, "geometry": {"type": "Polygon", "coordinates": [[[16.056365775021106, 48.275115610236014], [16.055755476700014, 48.2753085007516], [16.055579313992578, 48.275065511903705], [16.05618961297873, 48.27487262138813], [16.056365775021106, 48.275115610236014]]]}}, {"type": "Feature", "properties": {"base": 0, "height": 2128.4}, "geometry": {"type": "Polygon", "coordinates": [[[16.055755476700014, 48.2753085007516], [16.05514517377086, 48.27550138803802], [16.054969010398377, 48.275258399190136], [16.055579313992578, 48.275065511903705], [16.055755476700014, 48.2753085007516]]]}}, {"type": "Feature", "properties": {"base": 0, "height": 2131.1}, "geometry": {"type": "Polygon", "coordinates": [[[16.05514517377086, 48.27550138803802], [16.054534866233656, 48.275694272095215], [16.05435870219612, 48.275451283247335], [16.054969010398377, 48.275258399190136], [16.05514517377086, 48.27550138803802]]]}}, {"type": "Feature", "properties": {"base": 0, "height": 2133.8}, "geometry": {"type": "Polygon", "coordinates": [[[16.054534866233656, 48.275694272095215], [16.053924554088415, 48.275887152923154], [16.05374838938583, 48.27564416407526], [16.05435870219612, 48.275451283247335], [16.054534866233656, 48.275694272095215]]]}}, {"type": "Feature", "properties": {"base": 0, "height": 2136.5}, "geometry": {"type": "Polygon", "coordinates": [[[16.053924554088415, 48.275887152923154], [16.05331423733514, 48.27608003052178], [16.053138071967517, 48.2758370416739], [16.05374838938583, 48.27564416407526], [16.053924554088415, 48.275887152923154]]]}}, {"type": "Feature", "properties": {"base": 0, "height": 2139.2}, "geometry": {"type": "Polygon", "coordinates": [[[16.05331423733514, 48.27608003052178], [16.05270391597385, 48.27627290489106], [16.052527749941188, 48.276029916043164], [16.053138071967517, 48.2758370416739], [16.05331423733514, 48.27608003052178]]]}}, {"type": "Feature", "properties": {"base": 0, "height": 2142.0}, "geometry": {"type": "Polygon", "coordinates": [[[16.05270391597385, 48.27627290489106], [16.05209359000455, 48.276465776030925], [16.051917423306854, 48.27622278718303], [16.052527749941188, 48.276029916043164], [16.05270391597385, 48.27627290489106]]]}}, {"type": "Feature", "properties": {"base": 0, "height": 2144.7}, "geometry": {"type": "Polygon", "coordinates": [[[16.05209359000455, 48.276465776030925], [16.051483259427258, 48.27665864394136], [16.051307092064537, 48.27641565509347], [16.051917423306854, 48.27622278718303], [16.05209359000455, 48.276465776030925]]]}}, {"type": "Feature", "properties": {"base": 0, "height": 2147.4}, "geometry": {"type": "Polygon", "coordinates": [[[16.051483259427258, 48.27665864394136], [16.050872924241986, 48.276851508622265], [16.050696756214236, 48.276608519774385], [16.051307092064537, 48.27641565509347], [16.051483259427258, 48.27665864394136]]]}}, {"type": "Feature", "properties": {"base": 0, "height": 2150.1}, "geometry": {"type": "Polygon", "coordinates": [[[16.050872924241986, 48.276851508622265], [16.050262584448735, 48.27704437007365], [16.050086415755967, 48.27680138122577], [16.050696756214236, 48.276608519774385], [16.050872924241986, 48.276851508622265]]]}}, {"type": "Feature", "properties": {"base": 0, "height": 2152.8}, "geometry": {"type": "Polygon", "coordinates": [[[16.050262584448735, 48.27704437007365], [16.04965224004752, 48.277237228295455], [16.049476070689735, 48.27699423944755], [16.050086415755967, 48.27680138122577], [16.050262584448735, 48.27704437007365]]]}}, {"type": "Feature", "properties": {"base": 0, "height": 2155.5}, "geometry": {"type": "Polygon", "coordinates": [[[16.04965224004752, 48.277237228295455], [16.04904189103836, 48.277430083287605], [16.048865721015567, 48.27718709443971], [16.049476070689735, 48.27699423944755], [16.04965224004752, 48.277237228295455]]]}}, {"type": "Feature", "properties": {"base": 0, "height": 2158.2}, "geometry": {"type": "Polygon", "coordinates": [[[16.04904189103836, 48.277430083287605], [16.04843153742126, 48.27762293505008], [16.04825536673345, 48.2773799462022], [16.048865721015567, 48.27718709443971], [16.04904189103836, 48.277430083287605]]]}}, {"type": "Feature", "properties": {"base": 0, "height": 2160.9}, "geometry": {"type": "Polygon", "coordinates": [[[16.04843153742126, 48.27762293505008], [16.047821179196227, 48.27781578358284], [16.047645007843414, 48.27757279473494], [16.04825536673345, 48.2773799462022], [16.04843153742126, 48.27762293505008]]]}}, {"type": "Feature", "properties": {"base": 0, "height": 2163.6}, "geometry": {"type": "Polygon", "coordinates": [[[16.047821179196227, 48.27781578358284], [16.04721081636328, 48.278008628885814], [16.047034644345466, 48.27776564003794], [16.047645007843414, 48.27757279473494], [16.047821179196227, 48.27781578358284]]]}}, {"type": "Feature", "properties": {"base": 0, "height": 2166.3}, "geometry": {"type": "Polygon", "coordinates": [[[16.04721081636328, 48.278008628885814], [16.046600448922426, 48.27820147095898], [16.04642427623962, 48.27795848211109], [16.047034644345466, 48.27776564003794], [16.04721081636328, 48.278008628885814]]]}}, {"type": "Feature", "properties": {"base": 0, "height": 2169.0}, "geometry": {"type": "Polygon", "coordinates": [[[16.046600448922426, 48.27820147095898], [16.045990076873675, 48.27839430980226], [16.045813903525875, 48.27815132095437], [16.04642427623962, 48.27795848211109], [16.046600448922426, 48.27820147095898]]]}}, {"type": "Feature", "properties": {"base": 0, "height": 2171.7}, "geometry": {"type": "Polygon", "coordinates": [[[16.045990076873675, 48.27839430980226], [16.04537970021704, 48.27858714541566], [16.04520352620425, 48.27834415656778], [16.045813903525875, 48.27815132095437], [16.045990076873675, 48.27839430980226]]]}}, {"type": "Feature", "properties": {"base": 0, "height": 2174.4}, "geometry": {"type": "Polygon", "coordinates": [[[16.04537970021704, 48.27858714541566], [16.044769318952536, 48.27877997779908], [16.044593144274764, 48.27853698895119], [16.04520352620425, 48.27834415656778], [16.04537970021704, 48.27858714541566]]]}}, {"type": "Feature", "properties": {"base": 0, "height": 2177.2}, "geometry": {"type": "Polygon", "coordinates": [[[16.044769318952536, 48.27877997779908], [16.044158933080165, 48.278972806952495], [16.043982757737417, 48.27872981810461], [16.044593144274764, 48.27853698895119], [16.044769318952536, 48.27877997779908]]]}}, {"type": "Feature", "properties": {"base": 0, "height": 2179.9}, "geometry": {"type": "Polygon", "coordinates": [[[16.044158933080165, 48.278972806952495], [16.043548542599954, 48.27916563287587], [16.043372366592227, 48.27892264402798], [16.043982757737417, 48.27872981810461], [16.044158933080165, 48.278972806952495]]]}}, {"type": "Feature", "properties": {"base": 0, "height": 2182.6}, "geometry": {"type": "Polygon", "coordinates": [[[16.043548542599954, 48.27916563287587], [16.04293814751189, 48.279358455569145], [16.042761970839187, 48.279115466721265], [16.043372366592227, 48.27892264402798], [16.043548542599954, 48.27916563287587]]]}}, {"type": "Feature", "properties": {"base": 0, "height": 2185.3}, "geometry": {"type": "Polygon", "coordinates": [[[16.04293814751189, 48.279358455569145], [16.04232774781601, 48.2795512750323], [16.042151570478342, 48.27930828618441], [16.042761970839187, 48.279115466721265], [16.04293814751189, 48.279358455569145]]]}}, {"type": "Feature", "properties": {"base": 0, "height": 2188.0}, "geometry": {"type": "Polygon", "coordinates": [[[16.04232774781601, 48.2795512750323], [16.041717343512307, 48.279744091265215], [16.04154116550968, 48.279501102417335], [16.042151570478342, 48.27930828618441], [16.04232774781601, 48.2795512750323]]]}}, {"type": "Feature", "properties": {"base": 0, "height": 2190.7}, "geometry": {"type": "Polygon", "coordinates": [[[16.041717343512307, 48.279744091265215], [16.041106934600798, 48.27993690426793], [16.040930755933207, 48.27969391542004], [16.04154116550968, 48.279501102417335], [16.041717343512307, 48.279744091265215]]]}}, {"type": "Feature", "properties": {"base": 0, "height": 2193.4}, "geometry": {"type": "Polygon", "coordinates": [[[16.041106934600798, 48.27993690426793], [16.040496521081494, 48.280129714040356], [16.040320341748952, 48.27988672519247], [16.040930755933207, 48.27969391542004], [16.041106934600798, 48.27993690426793]]]}}, {"type": "Feature", "properties": {"base": 0, "height": 2196.1}, "geometry": {"type": "Polygon", "coordinates": [[[16.040496521081494, 48.280129714040356], [16.039886102954405, 48.28032252058246], [16.03970992295691, 48.28007953173457], [16.040320341748952, 48.27988672519247], [16.040496521081494, 48.280129714040356]]]}}, {"type": "Feature", "properties": {"base": 0, "height": 2198.8}, "geometry": {"type": "Polygon", "coordinates": [[[16.039886102954405, 48.28032252058246], [16.039275680219554, 48.28051532389417], [16.039099499557114, 48.280272335046284], [16.03970992295691, 48.28007953173457], [16.039886102954405, 48.28032252058246]]]}}, {"type": "Feature", "properties": {"base": 0, "height": 2201.5}, "geometry": {"type": "Polygon", "coordinates": [[[16.039275680219554, 48.28051532389417], [16.038665252876932, 48.280708123975494], [16.03848907154955, 48.2804651351276], [16.039099499557114, 48.280272335046284], [16.039275680219554, 48.28051532389417]]]}}, {"type": "Feature", "properties": {"base": 0, "height": 2204.2}, "geometry": {"type": "Polygon", "coordinates": [[[16.038665252876932, 48.280708123975494], [16.038054820926565, 48.28090092082632], [16.037878638934245, 48.28065793197844], [16.03848907154955, 48.2804651351276], [16.038665252876932, 48.280708123975494]]]}}, {"type": "Feature", "properties": {"base": 0, "height": 2206.9}, "geometry": {"type": "Polygon", "coordinates": [[[16.038054820926565, 48.28090092082632], [16.03744438436846, 48.28109371444666], [16.037268201711207, 48.28085072559876], [16.037878638934245, 48.28065793197844], [16.038054820926565, 48.28090092082632]]]}}, {"type": "Feature", "properties": {"base": 0, "height": 2209.6}, "geometry": {"type": "Polygon", "coordinates": [[[16.03744438436846, 48.28109371444666], [16.03683394320263, 48.281286504836416], [16.036657759880445, 48.281043515988536], [16.037268201711207, 48.28085072559876], [16.03744438436846, 48.28109371444666]]]}}, {"type": "Feature", "properties": {"base": 0, "height": 2212.4}, "geometry": {"type": "Polygon", "coordinates": [[[16.03683394320263, 48.281286504836416], [16.036223497429074, 48.28147929199557], [16.036047313441966, 48.28123630314769], [16.036657759880445, 48.281043515988536], [16.03683394320263, 48.281286504836416]]]}}, {"type": "Feature", "properties": {"base": 0, "height": 2215.1}, "geometry": {"type": "Polygon", "coordinates": [[[16.036223497429074, 48.28147929199557], [16.03561304704782, 48.281672075924064], [16.03543686239579, 48.281429087076184], [16.036047313441966, 48.28123630314769], [16.036223497429074, 48.28147929199557]]]}}, {"type": "Feature", "properties": {"base": 0, "height": 2217.8}, "geometry": {"type": "Polygon", "coordinates": [[[16.03561304704782, 48.281672075924064], [16.035002592058877, 48.28186485662188], [16.034826406741924, 48.281621867774], [16.03543686239579, 48.281429087076184], [16.03561304704782, 48.281672075924064]]]}}, {"type": "Feature", "properties": {"base": 0, "height": 2220.5}, "geometry": {"type": "Polygon", "coordinates": [[[16.035002592058877, 48.28186485662188], [16.034392132462248, 48.28205763408895], [16.034215946480387, 48.28181464524106], [16.034826406741924, 48.281621867774], [16.035002592058877, 48.28186485662188]]]}}, {"type": "Feature", "properties": {"base": 0, "height": 2223.2}, "geometry": {"type": "Polygon", "coordinates": [[[16.034392132462248, 48.28205763408895], [16.033781668257944, 48.28225040832522], [16.033605481611172, 48.282007419477324], [16.034215946480387, 48.28181464524106], [16.034392132462248, 48.28205763408895]]]}}, {"type": "Feature", "properties": {"base": 0, "height": 2225.9}, "geometry": {"type": "Polygon", "coordinates": [[[16.033781668257944, 48.28225040832522], [16.03317119944598, 48.28244317933066], [16.03299501213431, 48.282200190482776], [16.033605481611172, 48.282007419477324], [16.033781668257944, 48.28225040832522]]]}}, {"type": "Feature", "properties": {"base": 0, "height": 2228.6}, "geometry": {"type": "Polygon", "coordinates": [[[16.03317119944598, 48.28244317933066], [16.032560726026375, 48.28263594710521], [16.032384538049797, 48.28239295825733], [16.03299501213431, 48.282200190482776], [16.03317119944598, 48.28244317933066]]]}}, {"type": "Feature", "properties": {"base": 0, "height": 2231.3}, "geometry": {"type": "Polygon", "coordinates": [[[16.032560726026375, 48.28263594710521], [16.031950247999124, 48.282828711648854], [16.03177405935765, 48.28258572280096], [16.032384538049797, 48.28239295825733], [16.032560726026375, 48.28263594710521]]]}}, {"type": "Feature", "properties": {"base": 0, "height": 2234.0}, "geometry": {"type": "Polygon", "coordinates": [[[16.031950247999124, 48.282828711648854], [16.031339765364258, 48.283021472961494], [16.03116357605789, 48.2827784841136], [16.03177405935765, 48.28258572280096], [16.031950247999124, 48.282828711648854]]]}}, {"type": "Feature", "properties": {"base": 0, "height": 2236.7}, "geometry": {"type": "Polygon", "coordinates": [[[16.031339765364258, 48.283021472961494], [16.030729278121765, 48.283214231043125], [16.03055308815051, 48.28297124219523], [16.03116357605789, 48.2827784841136], [16.031339765364258, 48.283021472961494]]]}}, {"type": "Feature", "properties": {"base": 0, "height": 2239.4}, "geometry": {"type": "Polygon", "coordinates": [[[16.030729278121765, 48.283214231043125], [16.03011878627167, 48.28340698589368], [16.029942595635532, 48.28316399704578], [16.03055308815051, 48.28297124219523], [16.030729278121765, 48.283214231043125]]]}}, {"type": "Feature", "properties": {"base": 0, "height": 2242.1}, "geometry": {"type": "Polygon", "coordinates": [[[16.03011878627167, 48.28340698589368], [16.029508289813997, 48.283599737513114], [16.029332098512974, 48.28335674866523], [16.029942595635532, 48.28316399704578], [16.03011878627167, 48.28340698589368]]]}}, {"type": "Feature", "properties": {"base": 0, "height": 2244.9}, "geometry": {"type": "Polygon", "coordinates": [[[16.029508289813997, 48.283599737513114], [16.028897788748733, 48.28379248590141], [16.02872159678283, 48.283549497053514], [16.029332098512974, 48.28335674866523], [16.029508289813997, 48.283599737513114]]]}}, {"type": "Feature", "properties": {"base": 0, "height": 2247.6}, "geometry": {"type": "Polygon", "coordinates": [[[16.028897788748733, 48.28379248590141], [16.028287283075898, 48.28398523105845], [16.02811109044513, 48.28374224221058], [16.02872159678283, 48.283549497053514], [16.028897788748733, 48.28379248590141]]]}}, {"type": "Feature", "properties": {"base": 0, "height": 2250.3}, "geometry": {"type": "Polygon", "coordinates": [[[16.028287283075898, 48.28398523105845], [16.0276767727955, 48.284177972984295], [16.02750057949986, 48.28393498413641], [16.02811109044513, 48.28374224221058], [16.028287283075898, 48.28398523105845]]]}}, {"type": "Feature", "properties": {"base": 0, "height": 2253.0}, "geometry": {"type": "Polygon", "coordinates": [[[16.0276767727955, 48.284177972984295], [16.02706625790756, 48.284370711678825], [16.026890063947057, 48.28412772283093], [16.02750057949986, 48.28393498413641], [16.0276767727955, 48.284177972984295]]]}}, {"type": "Feature", "properties": {"base": 0, "height": 2255.7}, "geometry": {"type": "Polygon", "coordinates": [[[16.02706625790756, 48.284370711678825], [16.026455738412082, 48.284563447142006], [16.026279543786718, 48.28432045829412], [16.026890063947057, 48.28412772283093], [16.02706625790756, 48.284370711678825]]]}}, {"type": "Feature", "properties": {"base": 0, "height": 2258.4}, "geometry": {"type": "Polygon", "coordinates": [[[16.026455738412082, 48.284563447142006], [16.025845214309086, 48.28475617937379], [16.025669019018867, 48.28451319052591], [16.026279543786718, 48.28432045829412], [16.026455738412082, 48.284563447142006]]]}}, {"type": "Feature", "properties": {"base": 0, "height": 2261.1}, "geometry": {"type": "Polygon", "coordinates": [[[16.025845214309086, 48.28475617937379], [16.025234685598573, 48.28494890837413], [16.025058489643506, 48.284705919526246], [16.025669019018867, 48.28451319052591], [16.025845214309086, 48.28475617937379]]]}}, {"type": "Feature", "properties": {"base": 0, "height": 2263.8}, "geometry": {"type": "Polygon", "coordinates": [[[16.025234685598573, 48.28494890837413], [16.024624152280552, 48.28514163414301], [16.024447955660634, 48.28489864529512], [16.025058489643506, 48.284705919526246], [16.025234685598573, 48.28494890837413]]]}}, {"type": "Feature", "properties": {"base": 0, "height": 2266.5}, "geometry": {"type": "Polygon", "coordinates": [[[16.024624152280552, 48.28514163414301], [16.024013614355045, 48.28533435668033], [16.023837417070286, 48.28509136783245], [16.024447955660634, 48.28489864529512], [16.024624152280552, 48.28514163414301]]]}}, {"type": "Feature", "properties": {"base": 0, "height": 2269.2}, "geometry": {"type": "Polygon", "coordinates": [[[16.024013614355045, 48.28533435668033], [16.023403071822052, 48.28552707598607], [16.023226873872453, 48.28528408713817], [16.023837417070286, 48.28509136783245], [16.024013614355045, 48.28533435668033]]]}}, {"type": "Feature", "properties": {"base": 0, "height": 2271.9}, "geometry": {"type": "Polygon", "coordinates": [[[16.023403071822052, 48.28552707598607], [16.0227925246816, 48.2857197920602], [16.022616326067162, 48.28547680321232], [16.023226873872453, 48.28528408713817], [16.023403071822052, 48.28552707598607]]]}}, {"type": "Feature", "properties": {"base": 0, "height": 2274.6}, "geometry": {"type": "Polygon", "coordinates": [[[16.0227925246816, 48.2857197920602], [16.022181972933684, 48.28591250490264], [16.02200577365442, 48.28566951605476], [16.022616326067162, 48.28547680321232], [16.0227925246816, 48.2857197920602]]]}}, {"type": "Feature", "properties": {"base": 0, "height": 2277.3}, "geometry": {"type": "Polygon", "coordinates": [[[16.022181972933684, 48.28591250490264], [16.02157141657833, 48.286105214513405], [16.021395216634236, 48.28586222566551], [16.02200577365442, 48.28566951605476], [16.022181972933684, 48.28591250490264]]]}}, {"type": "Feature", "properties": {"base": 0, "height": 2280.1}, "geometry": {"type": "Polygon", "coordinates": [[[16.02157141657833, 48.286105214513405], [16.020960855615538, 48.28629792089238], [16.020784655006622, 48.286054932044486], [16.021395216634236, 48.28586222566551], [16.02157141657833, 48.286105214513405]]]}}, {"type": "Feature", "properties": {"base": 0, "height": 2282.8}, "geometry": {"type": "Polygon", "coordinates": [[[16.020960855615538, 48.28629792089238], [16.02035029004532, 48.28649062403955], [16.020174088771586, 48.28624763519167], [16.020784655006622, 48.286054932044486], [16.020960855615538, 48.28629792089238]]]}}, {"type": "Feature", "properties": {"base": 0, "height": 2285.5}, "geometry": {"type": "Polygon", "coordinates": [[[16.02035029004532, 48.28649062403955], [16.019739719867694, 48.28668332395489], [16.019563517929146, 48.28644033510698], [16.020174088771586, 48.28624763519167], [16.02035029004532, 48.28649062403955]]]}}, {"type": "Feature", "properties": {"base": 0, "height": 2288.2}, "geometry": {"type": "Polygon", "coordinates": [[[16.019739719867694, 48.28668332395489], [16.019129145082665, 48.28687602063828], [16.01895294247931, 48.2866330317904], [16.019563517929146, 48.28644033510698], [16.019739719867694, 48.28668332395489]]]}}, {"type": "Feature", "properties": {"base": 0, "height": 2290.9}, "geometry": {"type": "Polygon", "coordinates": [[[16.019129145082665, 48.28687602063828], [16.01851856569025, 48.28706871408976], [16.018342362422086, 48.28682572524188], [16.01895294247931, 48.2866330317904], [16.019129145082665, 48.28687602063828]]]}}, {"type": "Feature", "properties": {"base": 0, "height": 2293.6}, "geometry": {"type": "Polygon", "coordinates": [[[16.01851856569025, 48.28706871408976], [16.01790798169045, 48.287261404309234], [16.017731777757486, 48.28701841546136], [16.018342362422086, 48.28682572524188], [16.01851856569025, 48.28706871408976]]]}}, {"type": "Feature", "properties": {"base": 0, "height": 2296.3}, "geometry": {"type": "Polygon", "coordinates": [[[16.01790798169045, 48.287261404309234], [16.01729739308329, 48.28745409129668], [16.01712118848553, 48.28721110244879], [16.017731777757486, 48.28701841546136], [16.01790798169045, 48.287261404309234]]]}}, {"type": "Feature", "properties": {"base": 0, "height": 2299.0}, "geometry": {"type": "Polygon", "coordinates": [[[16.01729739308329, 48.28745409129668], [16.01668679986877, 48.28764677505203], [16.01651059460621, 48.28740378620414], [16.01712118848553, 48.28721110244879], [16.01729739308329, 48.28745409129668]]]}}, {"type": "Feature", "properties": {"base": 0, "height": 2301.7}, "geometry": {"type": "Polygon", "coordinates": [[[16.01668679986877, 48.28764677505203], [16.01607620204691, 48.28783945557523], [16.01589999611956, 48.28759646672735], [16.01651059460621, 48.28740378620414], [16.01668679986877, 48.28764677505203]]]}}, {"type": "Feature", "properties": {"base": 0, "height": 2304.4}, "geometry": {"type": "Polygon", "coordinates": [[[16.01607620204691, 48.28783945557523], [16.01546559961772, 48.28803213286628], [16.015289393025586, 48.28778914401839], [16.01589999611956, 48.28759646672735], [16.01607620204691, 48.28783945557523]]]}}, {"type": "Feature", "properties": {"base": 0, "height": 2307.1}, "geometry": {"type": "Polygon", "coordinates": [[[16.01546559961772, 48.28803213286628], [16.014854992581206, 48.28822480692508], [16.014678785324293, 48.2879818180772], [16.015289393025586, 48.28778914401839], [16.01546559961772, 48.28803213286628]]]}}, {"type": "Feature", "properties": {"base": 0, "height": 2309.8}, "geometry": {"type": "Polygon", "coordinates": [[[16.014854992581206, 48.28822480692508], [16.014244380937377, 48.288417477751636], [16.014068173015687, 48.28817448890375], [16.014678785324293, 48.2879818180772], [16.014854992581206, 48.28822480692508]]]}}, {"type": "Feature", "properties": {"base": 0, "height": 2312.5}, "geometry": {"type": "Polygon", "coordinates": [[[16.014244380937377, 48.288417477751636], [16.013633764686254, 48.28861014534586], [16.01345755609979, 48.28836715649797], [16.014068173015687, 48.28817448890375], [16.014244380937377, 48.288417477751636]]]}}, {"type": "Feature", "properties": {"base": 0, "height": 2315.3}, "geometry": {"type": "Polygon", "coordinates": [[[16.013633764686254, 48.28861014534586], [16.01302314382784, 48.288802809707725], [16.01284693457661, 48.28855982085983], [16.01345755609979, 48.28836715649797], [16.013633764686254, 48.28861014534586]]]}}, {"type": "Feature", "properties": {"base": 0, "height": 2318.0}, "geometry": {"type": "Polygon", "coordinates": [[[16.01302314382784, 48.288802809707725], [16.012412518362154, 48.28899547083717], [16.01223630844616, 48.28875248198928], [16.01284693457661, 48.28855982085983], [16.01302314382784, 48.288802809707725]]]}}, {"type": "Feature", "properties": {"base": 0, "height": 2320.7}, "geometry": {"type": "Polygon", "coordinates": [[[16.012412518362154, 48.28899547083717], [16.011801888289202, 48.28918812873416], [16.011625677708448, 48.288945139886266], [16.01223630844616, 48.28875248198928], [16.012412518362154, 48.28899547083717]]]}}, {"type": "Feature", "properties": {"base": 0, "height": 2323.4}, "geometry": {"type": "Polygon", "coordinates": [[[16.011801888289202, 48.28918812873416], [16.011191253609, 48.289380783398634], [16.011015042363486, 48.28913779455075], [16.011625677708448, 48.288945139886266], [16.011801888289202, 48.28918812873416]]]}}, {"type": "Feature", "properties": {"base": 0, "height": 2326.1}, "geometry": {"type": "Polygon", "coordinates": [[[16.011191253609, 48.289380783398634], [16.010580614321555, 48.2895734348306], [16.01040440241129, 48.28933044598271], [16.011015042363486, 48.28913779455075], [16.011191253609, 48.289380783398634]]]}}, {"type": "Feature", "properties": {"base": 0, "height": 2328.8}, "geometry": {"type": "Polygon", "coordinates": [[[16.010580614321555, 48.2895734348306], [16.009969970426877, 48.289766083029924], [16.009793757851863, 48.289523094182044], [16.01040440241129, 48.28933044598271], [16.010580614321555, 48.2895734348306]]]}}, {"type": "Feature", "properties": {"base": 0, "height": 2331.5}, "geometry": {"type": "Polygon", "coordinates": [[[16.009969970426877, 48.289766083029924], [16.00935932192498, 48.28995872799665], [16.009183108685225, 48.28971573914876], [16.009793757851863, 48.289523094182044], [16.009969970426877, 48.289766083029924]]]}}, {"type": "Feature", "properties": {"base": 0, "height": 2334.2}, "geometry": {"type": "Polygon", "coordinates": [[[16.00935932192498, 48.28995872799665], [16.008748668815876, 48.29015136973067], [16.00857245491138, 48.28990838088278], [16.009183108685225, 48.28971573914876], [16.00935932192498, 48.28995872799665]]]}}, {"type": "Feature", "properties": {"base": 0, "height": 2336.9}, "geometry": {"type": "Polygon", "coordinates": [[[16.008748668815876, 48.29015136973067], [16.00813801109958, 48.29034400823194], [16.007961796530346, 48.29010101938405], [16.00857245491138, 48.28990838088278], [16.008748668815876, 48.29015136973067]]]}}, {"type": "Feature", "properties": {"base": 0, "height": 2339.6}, "geometry": {"type": "Polygon", "coordinates": [[[16.00813801109958, 48.29034400823194], [16.00752734877609, 48.290536643500445], [16.007351133542127, 48.29029365465255], [16.007961796530346, 48.29010101938405], [16.00813801109958, 48.29034400823194]]]}}, {"type": "Feature", "properties": {"base": 0, "height": 2342.3}, "geometry": {"type": "Polygon", "coordinates": [[[16.00752734877609, 48.290536643500445], [16.00691668184543, 48.29072927553614], [16.00674046594674, 48.29048628668825], [16.007351133542127, 48.29029365465255], [16.00752734877609, 48.290536643500445]]]}}, {"type": "Feature", "properties": {"base": 0, "height": 2345.0}, "geometry": {"type": "Polygon", "coordinates": [[[16.00691668184543, 48.29072927553614], [16.00630601030761, 48.29092190433893], [16.006129793744197, 48.29067891549106], [16.00674046594674, 48.29048628668825], [16.00691668184543, 48.29072927553614]]]}}, {"type": "Feature", "properties": {"base": 0, "height": 2347.8}, "geometry": {"type": "Polygon", "coordinates": [[[16.00630601030761, 48.29092190433893], [16.00569533416264, 48.29111452990882], [16.005519116934504, 48.29087154106094], [16.006129793744197, 48.29067891549106], [16.00630601030761, 48.29092190433893]]]}}, {"type": "Feature", "properties": {"base": 0, "height": 2350.5}, "geometry": {"type": "Polygon", "coordinates": [[[16.00569533416264, 48.29111452990882], [16.005084653410524, 48.29130715224575], [16.004908435517677, 48.29106416339786], [16.005519116934504, 48.29087154106094], [16.00569533416264, 48.29111452990882]]]}}, {"type": "Feature", "properties": {"base": 0, "height": 2353.2}, "geometry": {"type": "Polygon", "coordinates": [[[16.005084653410524, 48.29130715224575], [16.004473968051283, 48.29149977134964], [16.004297749493727, 48.29125678250175], [16.004908435517677, 48.29106416339786], [16.005084653410524, 48.29130715224575]]]}}, {"type": "Feature", "properties": {"base": 0, "height": 2355.9}, "geometry": {"type": "Polygon", "coordinates": [[[16.004473968051283, 48.29149977134964], [16.003863278084925, 48.29169238722051], [16.003687058862656, 48.29144939837261], [16.004297749493727, 48.29125678250175], [16.004473968051283, 48.29149977134964]]]}}, {"type": "Feature", "properties": {"base": 0, "height": 2358.6}, "geometry": {"type": "Polygon", "coordinates": [[[16.003863278084925, 48.29169238722051], [16.00325258351146, 48.29188499985824], [16.003076363624494, 48.29164201101035], [16.003687058862656, 48.29144939837261], [16.003863278084925, 48.29169238722051]]]}}, {"type": "Feature", "properties": {"base": 0, "height": 2361.3}, "geometry": {"type": "Polygon", "coordinates": [[[16.00325258351146, 48.29188499985824], [16.00264188433091, 48.29207760926283], [16.002465663779244, 48.29183462041494], [16.003076363624494, 48.29164201101035], [16.00325258351146, 48.29188499985824]]]}}, {"type": "Feature", "properties": {"base": 0, "height": 2364.0}, "geometry": {"type": "Polygon", "coordinates": [[[16.00264188433091, 48.29207760926283], [16.00203118054327, 48.29227021543422], [16.001854959326913, 48.29202722658633], [16.002465663779244, 48.29183462041494], [16.00264188433091, 48.29207760926283]]]}}, {"type": "Feature", "properties": {"base": 0, "height": 2366.7}, "geometry": {"type": "Polygon", "coordinates": [[[16.00203118054327, 48.29227021543422], [16.001420472148563, 48.29246281837238], [16.00124425026751, 48.29221982952449], [16.001854959326913, 48.29202722658633], [16.00203118054327, 48.29227021543422]]]}}, {"type": "Feature", "properties": {"base": 0, "height": 2369.4}, "geometry": {"type": "Polygon", "coordinates": [[[16.001420472148563, 48.29246281837238], [16.000809759146787, 48.292655418077246], [16.000633536601054, 48.29241242922937], [16.00124425026751, 48.29221982952449], [16.001420472148563, 48.29246281837238]]]}}, {"type": "Feature", "properties": {"base": 0, "height": 2372.1}, "geometry": {"type": "Polygon", "coordinates": [[[16.000809759146787, 48.292655418077246], [16.00019904153797, 48.29284801454878], [16.000022818327555, 48.292605025700894], [16.000633536601054, 48.29241242922937], [16.000809759146787, 48.292655418077246]]]}}, {"type": "Feature", "properties": {"base": 0, "height": 2374.8}, "geometry": {"type": "Polygon", "coordinates": [[[16.00019904153797, 48.29284801454878], [15.999588319322116, 48.293040607786935], [15.999412095447022, 48.29279761893905], [16.000022818327555, 48.292605025700894], [16.00019904153797, 48.29284801454878]]]}}, {"type": "Feature", "properties": {"base": 0, "height": 2377.5}, "geometry": {"type": "Polygon", "coordinates": [[[15.999588319322116, 48.293040607786935], [15.998977592499234, 48.29323319779166], [15.998801367959466, 48.29299020894376], [15.999412095447022, 48.29279761893905], [15.999588319322116, 48.293040607786935]]]}}, {"type": "Feature", "properties": {"base": 0, "height": 2380.2}, "geometry": {"type": "Polygon", "coordinates": [[[15.998977592499234, 48.29323319779166], [15.998366861069343, 48.293425784562885], [15.998190635864903, 48.293182795715005], [15.998801367959466, 48.29299020894376], [15.998977592499234, 48.29323319779166]]]}}, {"type": "Feature", "properties": {"base": 0, "height": 2383.0}, "geometry": {"type": "Polygon", "coordinates": [[[15.998366861069343, 48.293425784562885], [15.997756125032444, 48.29361836810062], [15.99757989916334, 48.29337537925273], [15.998190635864903, 48.293182795715005], [15.998366861069343, 48.293425784562885]]]}}, {"type": "Feature", "properties": {"base": 0, "height": 2385.7}, "geometry": {"type": "Polygon", "coordinates": [[[15.997756125032444, 48.29361836810062], [15.997145384388553, 48.29381094840478], [15.996969157854792, 48.2935679595569], [15.99757989916334, 48.29337537925273], [15.997756125032444, 48.29361836810062]]]}}, {"type": "Feature", "properties": {"base": 0, "height": 2388.4}, "geometry": {"type": "Polygon", "coordinates": [[[15.997145384388553, 48.29381094840478], [15.996534639137687, 48.294003525475325], [15.996358411939267, 48.29376053662743], [15.996969157854792, 48.2935679595569], [15.997145384388553, 48.29381094840478]]]}}, {"type": "Feature", "properties": {"base": 0, "height": 2391.1}, "geometry": {"type": "Polygon", "coordinates": [[[15.996534639137687, 48.294003525475325], [15.995923889279847, 48.29419609931221], [15.995747661416777, 48.293953110464315], [15.996358411939267, 48.29376053662743], [15.996534639137687, 48.294003525475325]]]}}, {"type": "Feature", "properties": {"base": 0, "height": 2393.8}, "geometry": {"type": "Polygon", "coordinates": [[[15.995923889279847, 48.29419609931221], [15.995313134815053, 48.29438866991538], [15.995136906287334, 48.294145681067484], [15.995747661416777, 48.293953110464315], [15.995923889279847, 48.29419609931221]]]}}, {"type": "Feature", "properties": {"base": 0, "height": 2396.5}, "geometry": {"type": "Polygon", "coordinates": [[[15.995313134815053, 48.29438866991538], [15.994702375743312, 48.29458123728482], [15.994526146550948, 48.29433824843692], [15.995136906287334, 48.294145681067484], [15.995313134815053, 48.29438866991538]]]}}, {"type": "Feature", "properties": {"base": 0, "height": 2399.2}, "geometry": {"type": "Polygon", "coordinates": [[[15.994702375743312, 48.29458123728482], [15.99409161206464, 48.29477380142045], [15.993915382207636, 48.29453081257255], [15.994526146550948, 48.29433824843692], [15.994702375743312, 48.29458123728482]]]}}, {"type": "Feature", "properties": {"base": 0, "height": 2401.9}, "geometry": {"type": "Polygon", "coordinates": [[[15.99409161206464, 48.29477380142045], [15.993480843779045, 48.29496636232222], [15.993304613257402, 48.29472337347434], [15.993915382207636, 48.29453081257255], [15.99409161206464, 48.29477380142045]]]}}, {"type": "Feature", "properties": {"base": 0, "height": 2404.6}, "geometry": {"type": "Polygon", "coordinates": [[[15.993480843779045, 48.29496636232222], [15.992870070886537, 48.29515891999012], [15.992693839700266, 48.294915931142235], [15.993304613257402, 48.29472337347434], [15.993480843779045, 48.29496636232222]]]}}, {"type": "Feature", "properties": {"base": 0, "height": 2407.3}, "geometry": {"type": "Polygon", "coordinates": [[[15.992870070886537, 48.29515891999012], [15.99225929338713, 48.29535147442407], [15.99208306153623, 48.295108485576186], [15.992693839700266, 48.294915931142235], [15.992870070886537, 48.29515891999012]]]}}, {"type": "Feature", "properties": {"base": 0, "height": 2410.0}, "geometry": {"type": "Polygon", "coordinates": [[[15.99225929338713, 48.29535147442407], [15.991648511280836, 48.29554402562404], [15.991472278765313, 48.29530103677616], [15.99208306153623, 48.295108485576186], [15.99225929338713, 48.29535147442407]]]}}, {"type": "Feature", "properties": {"base": 0, "height": 2412.7}, "geometry": {"type": "Polygon", "coordinates": [[[15.991648511280836, 48.29554402562404], [15.99103772456766, 48.29573657358999], [15.99086149138752, 48.295493584742104], [15.991472278765313, 48.29530103677616], [15.991648511280836, 48.29554402562404]]]}}, {"type": "Feature", "properties": {"base": 0, "height": 2415.4}, "geometry": {"type": "Polygon", "coordinates": [[[15.99103772456766, 48.29573657358999], [15.990426933247623, 48.29592911832187], [15.990250699402864, 48.295686129473985], [15.99086149138752, 48.295493584742104], [15.99103772456766, 48.29573657358999]]]}}, {"type": "Feature", "properties": {"base": 0, "height": 2418.2}, "geometry": {"type": "Polygon", "coordinates": [[[15.990426933247623, 48.29592911832187], [15.98981613732073, 48.296121659819605], [15.989639902811364, 48.29587867097172], [15.990250699402864, 48.295686129473985], [15.990426933247623, 48.29592911832187]]]}}, {"type": "Feature", "properties": {"base": 0, "height": 2420.9}, "geometry": {"type": "Polygon", "coordinates": [[[15.98981613732073, 48.296121659819605], [15.989205336786997, 48.29631419808319], [15.989029101613024, 48.29607120923531], [15.989639902811364, 48.29587867097172], [15.98981613732073, 48.296121659819605]]]}}, {"type": "Feature", "properties": {"base": 0, "height": 2423.6}, "geometry": {"type": "Polygon", "coordinates": [[[15.989205336786997, 48.29631419808319], [15.988594531646433, 48.29650673311254], [15.988418295807856, 48.29626374426465], [15.989029101613024, 48.29607120923531], [15.989205336786997, 48.29631419808319]]]}}, {"type": "Feature", "properties": {"base": 0, "height": 2426.3}, "geometry": {"type": "Polygon", "coordinates": [[[15.988594531646433, 48.29650673311254], [15.987983721899049, 48.29669926490764], [15.987807485395875, 48.29645627605976], [15.988418295807856, 48.29626374426465], [15.988594531646433, 48.29650673311254]]]}}, {"type": "Feature", "properties": {"base": 0, "height": 2429.0}, "geometry": {"type": "Polygon", "coordinates": [[[15.987983721899049, 48.29669926490764], [15.987372907544854, 48.29689179346843], [15.987196670377086, 48.29664880462054], [15.987807485395875, 48.29645627605976], [15.987983721899049, 48.29669926490764]]]}}, {"type": "Feature", "properties": {"base": 0, "height": 2431.7}, "geometry": {"type": "Polygon", "coordinates": [[[15.987372907544854, 48.29689179346843], [15.986762088583868, 48.29708431879487], [15.986585850751506, 48.29684132994699], [15.987196670377086, 48.29664880462054], [15.987372907544854, 48.29689179346843]]]}}, {"type": "Feature", "properties": {"base": 0, "height": 2434.4}, "geometry": {"type": "Polygon", "coordinates": [[[15.986762088583868, 48.29708431879487], [15.98615126501609, 48.297276840886916], [15.98597502651914, 48.29703385203903], [15.986585850751506, 48.29684132994699], [15.986762088583868, 48.29708431879487]]]}}, {"type": "Feature", "properties": {"base": 0, "height": 2437.1}, "geometry": {"type": "Polygon", "coordinates": [[[15.98615126501609, 48.297276840886916], [15.985540436841541, 48.297469359744504], [15.985364197680013, 48.29722637089662], [15.98597502651914, 48.29703385203903], [15.98615126501609, 48.297276840886916]]]}}, {"type": "Feature", "properties": {"marker": "intercept-pillar", "base": 0, "height": 667.5, "label": "667.5 m / 2190 ft"}, "geometry": {"type": "Polygon", "coordinates": [[[16.383822736906456, 48.17099218629138], [16.38370128720313, 48.17103126820164], [16.383466881793332, 48.17070728307113], [16.383588331675302, 48.17066820116086], [16.383822736906456, 48.17099218629138]]]}}, {"type": "Feature", "properties": {"marker": "home-slant-line", "base": 0.0, "height": 33.4}, "geometry": {"type": "Polygon", "coordinates": [[[16.38139586328121, 48.167892107256385], [16.38150346328121, 48.16804155725639], [16.381697736718788, 48.16797934274362], [16.38159013671879, 48.16782989274362], [16.38139586328121, 48.167892107256385]]]}}, {"type": "Feature", "properties": {"marker": "home-slant-line", "base": 33.4, "height": 66.8}, "geometry": {"type": "Polygon", "coordinates": [[[16.38150346328121, 48.16804155725639], [16.38161106328121, 48.16819100725638], [16.381805336718788, 48.168128792743616], [16.381697736718788, 48.16797934274362], [16.38150346328121, 48.16804155725639]]]}}, {"type": "Feature", "properties": {"marker": "home-slant-line", "base": 66.8, "height": 100.1}, "geometry": {"type": "Polygon", "coordinates": [[[16.38161106328121, 48.16819100725638], [16.38171866328121, 48.168340457256384], [16.381912936718788, 48.16827824274362], [16.381805336718788, 48.168128792743616], [16.38161106328121, 48.16819100725638]]]}}, {"type": "Feature", "properties": {"marker": "home-slant-line", "base": 100.1, "height": 133.5}, "geometry": {"type": "Polygon", "coordinates": [[[16.38171866328121, 48.168340457256384], [16.38182626328121, 48.16848990725639], [16.382020536718787, 48.16842769274362], [16.381912936718788, 48.16827824274362], [16.38171866328121, 48.168340457256384]]]}}, {"type": "Feature", "properties": {"marker": "home-slant-line", "base": 133.5, "height": 166.9}, "geometry": {"type": "Polygon", "coordinates": [[[16.38182626328121, 48.16848990725639], [16.38193386328121, 48.16863935725639], [16.382128136718787, 48.16857714274362], [16.382020536718787, 48.16842769274362], [16.38182626328121, 48.16848990725639]]]}}, {"type": "Feature", "properties": {"marker": "home-slant-line", "base": 166.9, "height": 200.3}, "geometry": {"type": "Polygon", "coordinates": [[[16.38193386328121, 48.16863935725639], [16.38204146328121, 48.168788807256384], [16.38223573671879, 48.16872659274362], [16.382128136718787, 48.16857714274362], [16.38193386328121, 48.16863935725639]]]}}, {"type": "Feature", "properties": {"marker": "home-slant-line", "base": 200.3, "height": 233.6}, "geometry": {"type": "Polygon", "coordinates": [[[16.38204146328121, 48.168788807256384], [16.38214906328121, 48.168938257256386], [16.38234333671879, 48.16887604274362], [16.38223573671879, 48.16872659274362], [16.38204146328121, 48.168788807256384]]]}}, {"type": "Feature", "properties": {"marker": "home-slant-line", "base": 233.6, "height": 267.0}, "geometry": {"type": "Polygon", "coordinates": [[[16.38214906328121, 48.168938257256386], [16.38225666328121, 48.16908770725639], [16.38245093671879, 48.16902549274362], [16.38234333671879, 48.16887604274362], [16.38214906328121, 48.168938257256386]]]}}, {"type": "Feature", "properties": {"marker": "home-slant-line", "base": 267.0, "height": 300.4}, "geometry": {"type": "Polygon", "coordinates": [[[16.38225666328121, 48.16908770725639], [16.38236426328121, 48.16923715725638], [16.38255853671879, 48.169174942743616], [16.38245093671879, 48.16902549274362], [16.38225666328121, 48.16908770725639]]]}}, {"type": "Feature", "properties": {"marker": "home-slant-line", "base": 300.4, "height": 333.8}, "geometry": {"type": "Polygon", "coordinates": [[[16.38236426328121, 48.16923715725638], [16.38247186328121, 48.169386607256385], [16.38266613671879, 48.16932439274362], [16.38255853671879, 48.169174942743616], [16.38236426328121, 48.16923715725638]]]}}, {"type": "Feature", "properties": {"marker": "home-slant-line", "base": 333.8, "height": 367.1}, "geometry": {"type": "Polygon", "coordinates": [[[16.38247186328121, 48.169386607256385], [16.38257946328121, 48.16953605725639], [16.38277373671879, 48.16947384274362], [16.38266613671879, 48.16932439274362], [16.38247186328121, 48.169386607256385]]]}}, {"type": "Feature", "properties": {"marker": "home-slant-line", "base": 367.1, "height": 400.5}, "geometry": {"type": "Polygon", "coordinates": [[[16.38257946328121, 48.16953605725639], [16.38268706328121, 48.16968550725638], [16.38288133671879, 48.169623292743616], [16.38277373671879, 48.16947384274362], [16.38257946328121, 48.16953605725639]]]}}, {"type": "Feature", "properties": {"marker": "home-slant-line", "base": 400.5, "height": 433.9}, "geometry": {"type": "Polygon", "coordinates": [[[16.38268706328121, 48.16968550725638], [16.38279466328121, 48.169834957256384], [16.38298893671879, 48.16977274274362], [16.38288133671879, 48.169623292743616], [16.38268706328121, 48.16968550725638]]]}}, {"type": "Feature", "properties": {"marker": "home-slant-line", "base": 433.9, "height": 467.3}, "geometry": {"type": "Polygon", "coordinates": [[[16.38279466328121, 48.169834957256384], [16.38290226328121, 48.169984407256386], [16.38309653671879, 48.16992219274362], [16.38298893671879, 48.16977274274362], [16.38279466328121, 48.169834957256384]]]}}, {"type": "Feature", "properties": {"marker": "home-slant-line", "base": 467.3, "height": 500.6}, "geometry": {"type": "Polygon", "coordinates": [[[16.38290226328121, 48.169984407256386], [16.383009863281213, 48.17013385725638], [16.383204136718792, 48.170071642743615], [16.38309653671879, 48.16992219274362], [16.38290226328121, 48.169984407256386]]]}}, {"type": "Feature", "properties": {"marker": "home-slant-line", "base": 500.6, "height": 534.0}, "geometry": {"type": "Polygon", "coordinates": [[[16.383009863281213, 48.17013385725638], [16.383117463281213, 48.17028330725638], [16.38331173671879, 48.17022109274362], [16.383204136718792, 48.170071642743615], [16.383009863281213, 48.17013385725638]]]}}, {"type": "Feature", "properties": {"marker": "home-slant-line", "base": 534.0, "height": 567.4}, "geometry": {"type": "Polygon", "coordinates": [[[16.383117463281213, 48.17028330725638], [16.383225063281213, 48.170432757256386], [16.38341933671879, 48.17037054274362], [16.38331173671879, 48.17022109274362], [16.383117463281213, 48.17028330725638]]]}}, {"type": "Feature", "properties": {"marker": "home-slant-line", "base": 567.4, "height": 600.8}, "geometry": {"type": "Polygon", "coordinates": [[[16.383225063281213, 48.170432757256386], [16.383332663281212, 48.17058220725639], [16.38352693671879, 48.17051999274362], [16.38341933671879, 48.17037054274362], [16.383225063281213, 48.170432757256386]]]}}, {"type": "Feature", "properties": {"marker": "home-slant-line", "base": 600.8, "height": 634.1}, "geometry": {"type": "Polygon", "coordinates": [[[16.383332663281212, 48.17058220725639], [16.383440263281212, 48.17073165725638], [16.38363453671879, 48.170669442743616], [16.38352693671879, 48.17051999274362], [16.383332663281212, 48.17058220725639]]]}}, {"type": "Feature", "properties": {"marker": "home-slant-line", "base": 634.1, "height": 667.5}, "geometry": {"type": "Polygon", "coordinates": [[[16.383440263281212, 48.17073165725638], [16.383547863281212, 48.170881107256385], [16.38374213671879, 48.17081889274362], [16.38363453671879, 48.170669442743616], [16.383440263281212, 48.17073165725638]]]}}, {"type": "Feature", "properties": {"marker": "home-slant-label", "label": "762.5 m / 2502 ft straight-line from home"}, "geometry": {"type": "Point", "coordinates": [16.382569, 48.1693555]}}]}